"farm","eta","zeta","traders","ptnr_duration","trades","a","b"
0,13.37,13.781,3.3425,0.995461,4.84663,0.976709274855892,1.64957315791002
1,20.8367,7.03448,5.20918,0.617803,7.55332,2.30101797284002,1.49543363287904
2,7.39059,7.67971,1.84765,0.89946,2.67909,0.395531315052799,1.76522460545564
3,10.0962,8.41955,2.52405,2.57179,3.65987,0.183191147605322,1.95762007255486
4,11.8337,6.89592,2.95842,1.32025,4.28971,0.464353608037929,1.51899752206324
5,6.09285,22.0467,1.52321,0.917536,2.20866,0.308811277579382,2.25090720746341
6,8.18361,10.2946,2.0459,1.40744,2.96656,0.363366062611347,2.15790798371173
7,11.972,7.26271,2.993,1.36536,4.33985,0.491249283370162,1.78163573011742
8,8.8705,13.2903,2.21763,1.81557,3.21556,0.203900515690173,1.41297279317101
9,16.3586,17.2566,4.08965,1.7372,5.92999,0.580788044064793,1.36214983127597
10,11.6104,13.1879,2.90259,0.895587,4.20876,0.840842408604099,1.54990620042445
11,6.74556,9.56157,1.68639,1.22043,2.44526,0.261039503324501,1.48961180661038
12,6.04838,21.6352,1.5121,0.703514,2.19254,0.363263105542458,1.96182994237579
13,75.5029,17.4654,18.8757,3.56271,27.3698,1.32248453279916,1.34071618200391
14,7.48561,17.6283,1.8714,0.885499,2.71353,0.469864791322461,1.78139540035481
15,10.6667,8.66406,2.66667,7.70812,3.86668,0.0392028628301392,1.48145112862061
16,10.3061,7.41686,2.57652,1.09028,3.73595,0.527616655618912,1.54432415039617
17,13.0644,11.3605,3.2661,0.89371,4.73585,0.723067743269258,1.38384328925032
18,68.2771,11.7623,17.0693,0.70554,24.7505,7.05502327042183,1.38642662359778
19,7.44143,6.92615,1.86036,0.664414,2.69752,0.656752100397447,1.93795280112004
20,15.3983,7.25419,3.84958,6.664,5.58189,0.121860488513633,1.32570022171269
21,7.95387,8.94514,1.98847,0.999603,2.88328,0.408439217555411,1.86891511801419
22,17.7421,18.2342,4.43554,0.666716,6.43153,1.98761374847885,1.52971151914523
23,40.0518,11.7206,10.0129,0.863284,14.5188,3.00052341868913,1.33789037555641
24,8.07489,7.36141,2.01872,0.763857,2.92715,0.570474081850215,1.63278876530697
25,10.2026,8.59351,2.55065,0.701466,3.69845,0.837072048046805,1.71487257563263
26,10.0845,60.6947,2.52113,0.821877,3.65563,0.917526623122915,1.97648705469767
27,6.18995,22.1564,1.54749,1.51468,2.24386,0.162029433707097,1.5432374621008
28,6.60779,22.8827,1.65195,0.707431,2.39532,0.425371945637268,1.89995361128978
29,154.172,102.618,38.543,0.697212,55.8873,16.1330420837362,1.3625073888559
30,6.80505,15.5438,1.70126,0.641092,2.46683,0.574111813252977,1.63413056994321
31,11.5755,8.3209,2.89386,1.07314,4.1961,0.623499918060407,1.44541244683363
32,9.53569,10.7167,2.38392,2.21435,3.45669,0.2361813112637,1.53016531864004
33,6.86731,19.8852,1.71683,1.22412,2.4894,0.203297391214765,1.6452604588748
34,8.28691,9.29856,2.07173,1.77117,3.004,0.130948130361168,1.6162159102095
35,65.5841,9.99931,16.396,0.588925,23.7742,7.73740643091431,1.31919322743113
36,7.01057,9.88819,1.75264,1.95092,2.54133,0.152035120909542,1.49970352490325
37,26.0789,8.43449,6.51973,0.977582,9.45361,1.70646717422856,1.41607448875328
38,36.6236,11.6874,9.1559,0.604727,13.2761,4.20401137214181,1.48317562736366
39,16.2731,9.62271,4.06827,0.832921,5.899,1.3342225776666,1.67657261627566
40,6.96741,25.9458,1.74185,0.751461,2.52569,0.569069689692921,2.01908308231327
41,23.2596,11.5802,5.8149,0.705431,8.43161,2.105879614268,1.34050402414906
42,116.335,18.4471,29.0839,0.577762,42.1716,15.1583184282449,1.3287182528993
43,57.0746,7.7252,14.2686,2.04529,20.6895,1.78128323749144,1.31318941588273
44,9.94476,19.8107,2.48619,0.632895,3.60498,0.760571742238845,1.71277750412024
45,6.47036,9.30683,1.61759,0.691843,2.3455,0.430737883747932,2.03505317374969
46,7.19824,10.51,1.79956,2.02487,2.60936,0.1613592012957,1.76080169526388
47,6.46368,6.87297,1.61592,1.7018,2.34308,0.162708430012493,1.92090514628099
48,11.9648,7.04159,2.9912,0.807586,4.33724,0.793080951313618,1.56211170150823
49,7.12947,11.5268,1.78237,0.801822,2.58443,0.376651727887055,1.54100303127263
50,6.29041,12.2649,1.5726,1.15863,2.28028,0.289067435785568,1.49040379686477
51,17.4586,37.1996,4.36464,2.07721,6.32873,0.47080340029642,1.4068002505651
52,12.588,28.2894,3.147,1.51205,4.56314,0.512621283661867,1.44898898257245
53,6.72394,13.3058,1.68099,1.85121,2.43743,0.14744518122907,1.59658449632134
54,7.50037,6.97991,1.87509,0.581938,2.71888,0.622721151711686,1.7481555368519
55,10.2304,9.39043,2.55759,0.676935,3.70851,0.955928543536647,1.79012661525815
56,51.6268,213.815,12.9067,1.46312,18.7147,2.47030949353698,1.35123573149455
57,10.7366,63.0511,2.68416,1.0979,3.89203,0.460690978321423,1.55308088481711
58,9.03301,14.4915,2.25825,0.79592,3.27447,0.673510580805537,1.80437862671464
59,11.6695,27.1675,2.91737,0.703738,4.23019,0.999437151029033,1.39729004676615
60,7.33178,8.0376,1.83294,0.590538,2.65777,0.691236916162537,1.78438427995801
61,42.9717,30.4546,10.7429,0.768705,15.5772,4.06441665999914,1.4652733114748
62,11.6755,15.1597,2.91887,0.64569,4.23237,1.15847716079577,1.42877998821317
63,16.0824,8.45331,4.02061,0.656773,5.82988,1.67094711389378,1.44197661767237
64,71.1252,11.1119,17.7813,0.878956,25.7829,5.92323600224768,1.43099908481881
65,25.7945,23.9345,6.44864,0.610566,9.35052,3.06962255369512,1.53296468879088
66,6.29912,20.4959,1.57478,0.89559,2.28343,0.339164841147618,1.62124748700992
67,21.6474,7.58626,5.41186,0.896762,7.84719,1.7371100473112,1.39418080045792
68,8.60918,9.41385,2.15229,0.777054,3.12083,0.617879991542464,1.82052779740073
69,13.3418,7.1452,3.33545,1.03887,4.8364,0.916884741668361,1.63051847958799
70,8.66338,21.0614,2.16585,0.843096,3.14048,0.499626516603594,1.49311407137487
71,27.6962,10.759,6.92404,9.1693,10.0399,0.251291223645976,1.3618624500672
72,7.37502,9.19576,1.84375,13.5933,2.67344,0.0170994258489563,1.39914924115167
73,6.32981,29.938,1.58245,0.619522,2.29456,0.508740427656408,1.76657795165233
74,32.2383,6.85469,8.05958,10.9249,11.6864,0.181600323764172,1.20275866184501
75,5.98577,24.4899,1.49644,0.96458,2.16984,0.234260379796904,1.97418521869881
76,20.7538,7.8591,5.18844,1.56819,7.52323,0.714592484579924,1.31535777700167
77,8.21652,9.23967,2.05413,2.13272,2.97849,0.152199505375954,1.48224069586803
78,8.22207,46.0012,2.05552,0.733755,2.9805,0.578189199075175,1.49813625942511
79,10.5256,30.9795,2.63139,2.86133,3.81552,0.179642154783016,1.57194424427137
80,23.1001,8.41276,5.77502,1.02456,8.37378,1.24726635719093,1.42036706325475
81,13.1224,84.7298,3.2806,0.800401,4.75686,0.938505157903036,1.63134816864187
82,15.2667,48.1454,3.81667,0.664531,5.53418,1.73517575904857,1.68678319154136
83,11.7485,8.83158,2.93711,2.58185,4.25881,0.205633743684152,1.46384315777638
84,20.7567,68.2947,5.18918,0.848194,7.52431,1.63825412250073,1.50158321154361
85,70.3847,8.00564,17.5962,0.77892,25.5144,6.70627158916163,1.41775185991919
86,28.9531,34.476,7.23828,2.65113,10.4955,0.737767690428171,1.4501644294428
87,11.4145,8.18892,2.85363,0.989628,4.13776,0.720095011868589,1.48370898243014
88,9.18951,12.8062,2.29738,0.692516,3.3312,0.63823789117438,1.73291547287856
89,6.50022,7.97931,1.62505,0.702806,2.35633,0.374654794408742,1.82025214767431
90,7.64864,17.6371,1.91216,2.77605,2.77263,0.10169601929563,1.41975031465649
91,8.53452,12.5344,2.13363,2.02978,3.09376,0.183541664239897,1.44410439330356
92,9.74256,21.955,2.43564,0.651413,3.53168,0.755914299476727,1.56792826098045
93,7.49369,8.81318,1.87342,2.57349,2.71646,0.083712002548918,1.13807260086382
94,6.65973,71.3613,1.66493,0.833156,2.41415,0.385184486212308,1.75001619795944
95,7.33248,8.97777,1.83312,1.05346,2.65802,0.396848979967726,1.88205413959556
96,20.9134,11.6811,5.22836,0.591041,7.58112,2.50744994592787,1.43195826429342
97,8.83968,7.06466,2.20992,0.75514,3.20439,0.563251799102913,1.69709047580154
98,14.5425,6.82325,3.63563,1.24667,5.27166,0.67927973230602,1.36819437661019
99,20.196,15.2432,5.04901,0.989859,7.32107,1.22346885456749,1.46011270108008
100,29.2465,26.076,7.31162,0.817101,10.6018,2.39306373781948,1.40187339107372
101,29.1087,61.8101,7.27718,2.0164,10.5519,0.901855435662152,1.37998979803603
102,22.8093,14.8512,5.70234,2.06536,8.26839,0.593056954842518,1.30203174734117
103,8.3581,9.09467,2.08952,0.971739,3.02981,0.412295387669672,1.75493438937628
104,6.13149,11.2381,1.53287,0.679307,2.22266,0.611845043123708,2.22674082435822
105,38.3526,12.7838,9.58814,0.656919,13.9028,4.18267671517358,1.41839064431869
106,27.4752,10.9681,6.8688,0.872288,9.95976,2.1331187722296,1.45007157935188
107,7.88977,38.7607,1.97244,0.63634,2.86004,0.650262498747235,1.77383357476776
108,18.7866,7.5936,4.69665,0.618108,6.81014,2.11549586022989,1.5984944172207
109,7.13622,7.13591,1.78405,3.66778,2.58688,0.0726716992763577,1.64178299242182
110,10.0414,136.67,2.51035,2.05689,3.64001,0.174984470187059,1.37427731804801
111,73.8721,15.9459,18.468,0.965793,26.7786,5.03091755350955,1.39515322631637
112,7.6846,10.2692,1.92115,0.698678,2.78567,0.582985370061083,1.602685586403
113,8.8485,7.0046,2.21212,0.682068,3.20758,0.611959198099257,1.63677230251021
114,62.7214,7.47996,15.6803,0.689033,22.7365,6.43085403772243,1.37433575035618
115,7.02127,21.8384,1.75532,0.604793,2.54521,0.666319502136871,1.66393552426612
116,22.8926,7.48328,5.72315,0.789183,8.29856,1.92611430063935,1.40926527565502
117,14.0409,31.8722,3.51021,0.928604,5.08981,0.897202287304265,1.72200455822479
118,5.95806,6.81473,1.48951,0.657743,2.1598,0.54388443429674,1.95590405862754
119,6.7854,8.49183,1.69635,0.809214,2.45971,0.346892060261139,1.63594185145017
120,7.08195,10.788,1.77049,2.13198,2.56721,0.171840108677308,1.94937222677552
121,32.1135,6.96639,8.02837,1.21922,11.6411,1.69521292914577,1.3937487401193
122,7.35153,51.3672,1.83788,0.746768,2.66493,0.492784481124073,1.65720533639406
123,7.53887,10.1739,1.88472,0.925956,2.73284,0.36862015591542,1.45073795309994
124,12.2856,7.8232,3.07141,0.61782,4.45355,1.23459169985255,1.40310363393234
125,34.4006,8.82336,8.60015,0.583159,12.4702,4.46908359663276,1.35011210135152
126,21.6183,7.40059,5.40458,2.6527,7.83664,0.518434234819216,1.2923309867391
127,6.02206,14.2309,1.50551,0.691338,2.183,0.402100148165098,1.69832815575921
128,7.86184,6.89084,1.96546,1.19871,2.84992,0.288883827589473,1.81743583224055
129,11.0101,8.26941,2.75252,1.23633,3.99115,0.521386077887082,1.56897765827431
130,6.62174,8.38065,1.65544,0.713548,2.40038,0.58599339374176,1.7756460313842
131,6.25947,9.4252,1.56487,0.788502,2.26906,0.507376824339832,2.1574276785916
132,50.3384,145.19,12.5846,6.03457,18.2477,0.717592720399527,1.50186634013984
133,6.18881,87.3489,1.5472,1.44374,2.24344,0.175199151509625,1.69214760212772
134,6.67027,11.3204,1.66757,1.08621,2.41797,0.251756418527454,1.92419796921468
135,8.14319,10.5378,2.0358,1.00389,2.9519,0.349738695539974,1.70426684675103
136,10.5126,7.09323,2.62815,0.642697,3.81082,0.818758894662237,1.5457765625967
137,6.2949,7.07554,1.57373,1.21669,2.2819,0.266395327926869,1.78573730473176
138,9.5223,14.2847,2.38057,0.724645,3.45183,0.73420754116679,2.13554045729509
139,17.5855,9.88829,4.39638,0.852875,6.37475,1.1144003521154,1.41630063436927
140,8.19278,15.8373,2.04819,2.28375,2.96988,0.141519547052799,1.48020483571633
141,7.72173,35.779,1.93043,2.40941,2.79913,0.0955330265648192,1.33782634907454
142,60.4046,8.65431,15.1011,0.599277,21.8967,7.79467167978397,1.36104301524673
143,9.51674,13.0994,2.37918,0.963919,3.44982,0.475229293601232,1.54356585747733
144,48.1379,10.8517,12.0345,3.21151,17.45,0.988567200987601,1.40249499749271
145,96.6277,18.9702,24.1569,0.595003,35.0275,12.2855821930925,1.27346255086019
146,7.34215,9.65691,1.83554,1.35218,2.66153,0.239858744289415,1.5739151115536
147,8.71677,17.9313,2.17919,1.57318,3.15983,0.23859105019561,1.62204874704286
148,24.0608,7.62127,6.01519,0.574226,8.72203,2.7483257978289,1.52626984164624
149,74.0268,41.709,18.5067,0.667425,26.8347,7.90568273027638,1.35427645729048
150,53.9798,8.13625,13.495,1.13733,19.5677,3.08542530477251,1.34199822628404
151,40.7705,176.555,10.1926,1.17369,14.7793,2.6407845777336,1.4213928336597
152,16.1223,9.90778,4.03057,0.829548,5.84433,1.29999318346045,1.58205127573909
153,5.95653,7.4342,1.48913,3.61093,2.15924,0.0416106262039906,1.6685670126214
154,6.57618,17.1763,1.64405,0.725896,2.38387,0.513951878981669,1.60501097199502
155,26.7727,7.45043,6.69318,0.59781,9.70512,3.3372754548103,1.49022505876907
156,9.13259,38.4647,2.28315,1.03184,3.31057,0.54359862097311,1.47873675758524
157,6.66177,14.9947,1.66544,1.50945,2.41489,0.17071494490531,1.5514688029424
158,6.17817,23.8052,1.54454,7.78739,2.23959,0.0341539789159109,1.49489666409238
159,14.5818,15.2373,3.64544,1.02968,5.28589,0.84483785574889,1.44102972597404
160,58.9523,7.00311,14.7381,0.647771,21.3702,6.51023128486283,1.35045560310447
161,10.6431,25.9804,2.66077,1.40025,3.85812,0.451909283546906,1.68474943066154
162,6.92985,8.88349,1.73246,0.58513,2.51207,0.493355543519433,1.706809415475
163,6.45365,8.15924,1.61341,2.77507,2.33945,0.096617284510492,1.57605913301996
164,11.5791,12.2723,2.89479,1.16193,4.19744,0.602417197672136,1.44304779095007
165,8.68369,18.9109,2.17092,0.923388,3.14784,0.494077548203626,1.6094839744875
166,7.47054,7.0281,1.86764,0.692821,2.70807,0.5090192296844,1.95368435641121
167,9.15469,14.6947,2.28867,1.2465,3.31857,0.382124260016918,1.53402576424396
168,7.69652,16.8794,1.92413,0.623506,2.78999,0.711990638008319,1.68959770356606
169,34.6876,9.19137,8.6719,1.16534,12.5743,2.03212095741389,1.38951714522561
170,17.2613,13.4738,4.31532,1.37804,6.25722,0.591287484830462,1.34922220397302
171,8.14498,8.94102,2.03625,0.625246,2.95256,0.746625503043307,1.69599502609607
172,10.0303,7.6164,2.50758,35.6342,3.636,0.00901327660679212,1.1421306282862
173,12.459,10.3605,3.11475,0.813413,4.51638,1.08194476365477,1.66024894557887
174,19.3339,11.6826,4.83348,0.588586,7.00855,2.2766624187138,1.58138724841519
175,6.61107,95.8976,1.65277,0.763417,2.39651,0.448758104596245,1.63450397189934
176,62.4674,10.4001,15.6169,0.742168,22.6444,5.82738978190045,1.36556673472729
177,8.46841,18.0912,2.1171,2.17087,3.0698,0.144966289379778,1.47868128363867
178,14.3522,7.42612,3.58806,1.96575,5.20268,0.367979462250397,1.31419592943821
179,8.5605,69.6682,2.14013,1.16101,3.10318,0.3738402184738,1.76762304608972
180,7.65419,18.6295,1.91355,1.07002,2.77464,0.314709192467729,1.763346216043
181,12.3401,20.48,3.08502,0.893815,4.47328,0.751050201346257,1.41707340048496
182,8.65961,11.1603,2.1649,4.37486,3.13911,0.0878249338250587,1.60456050241908
183,7.69509,11.2047,1.92377,0.592878,2.78947,0.678304220094163,2.29006765343939
184,14.5341,10.8242,3.63352,0.85429,5.2686,0.958195309100748,1.60920668353257
185,13.8617,27.3042,3.46543,0.849114,5.02487,1.11648906120404,1.60566636064076
186,7.18379,24.1816,1.79595,2.71431,2.60412,0.0615375273953054,1.51636817929507
187,18.3752,8.75261,4.5938,1.42947,6.66101,0.804704836172473,1.50648194676415
188,17.3695,7.8282,4.34236,1.49761,6.29643,0.567853092236474,1.42616029926365
189,10.0879,8.58734,2.52199,1.22877,3.65688,0.447686699099016,1.7210633466823
190,16.689,8.04252,4.17224,1.3469,6.04975,0.71175807692728,1.36370233861383
191,10.0301,8.6821,2.50753,1.02307,3.63591,0.526079339106334,1.72973789332249
192,21.7104,10.346,5.42759,0.735863,7.87001,2.10070514045665,1.48941452273488
193,99.3037,57.2189,24.8259,1.0165,35.9976,7.14358181760597,1.35853341101254
194,7.97309,25.8107,1.99327,0.64712,2.89025,0.701918114285484,1.86431799876392
195,9.94011,7.13269,2.48503,0.627591,3.60329,0.852759548658392,1.58637591487011
196,21.7935,9.52702,5.44838,0.803478,7.90015,2.03110868795011,1.53870130707375
197,10.6949,9.27437,2.67373,0.663543,3.87691,1.00916685309591,1.56500559110555
198,110.913,8.1173,27.7283,4.98524,40.2061,1.53548253526963,1.33904571221267
199,6.03294,8.70025,1.50824,0.659758,2.18694,0.431217269315543,2.3141445387668
200,16.9754,6.92158,4.24384,2.91444,6.15356,0.397782776250033,1.49449638263499
201,10.4771,6.86776,2.61927,0.902761,3.79794,0.609552140645665,1.67619189515043
202,6.55822,10.5913,1.63955,0.615993,2.37735,0.390031673826094,1.74791393387399
203,104.945,14.2317,26.2362,0.904434,38.0426,8.33456105632443,1.33974885335103
204,6.03666,9.7989,1.50917,0.628385,2.18829,0.38170651122344,1.73994140988193
205,6.64541,18.9092,1.66135,0.672558,2.40896,0.537244523094704,2.00550858929914
206,6.49705,11.5965,1.62426,1.51747,2.35518,0.200147076132951,1.84244419153051
207,19.1253,7.27062,4.78132,0.906612,6.93291,1.20492878031785,1.41620372721626
208,45.8943,14.9116,11.4736,0.719479,16.6367,4.28771393095507,1.42651044984987
209,12.5697,19.6276,3.14243,0.644712,4.55652,1.35127045813612,1.61778180623886
210,12.0091,8.68961,3.00227,1.74934,4.35329,0.30769177083858,1.22381148981585
211,15.1596,10.9217,3.78989,1.13452,5.49534,0.919560915775925,1.73738376191443
212,8.01635,8.43689,2.00409,0.601658,2.90593,0.686368933760868,1.75568199425732
213,11.5664,15.7348,2.8916,1.47435,4.19283,0.407565258109906,1.41206148104128
214,6.76083,7.12487,1.69021,0.604412,2.4508,0.620133001146206,1.78649208315148
215,7.95833,7.47793,1.98958,3.41519,2.88489,0.0728889618689737,1.37498842325176
216,10.3951,28.484,2.59877,2.27759,3.76821,0.204848430328954,1.51481953036647
217,6.77036,8.06176,1.69259,1.05214,2.45426,0.169721263058237,1.78491499472152
218,9.65696,9.69443,2.41424,2.44118,3.50065,0.17071030325115,1.55014041101834
219,13.7029,25.6929,3.42572,0.624031,4.96729,1.22256334523279,1.54330088996214
220,16.3844,13.7162,4.0961,0.599484,5.93935,1.78740609022676,1.69933270237508
221,10.6159,7.5031,2.65398,0.697209,3.84828,0.904816366009192,1.67260100685986
222,63.4204,7.39427,15.8551,1.40852,22.9899,2.87481876581436,1.36091264647217
223,61.8706,7.42924,15.4676,0.90193,22.4281,4.47622877255324,1.33133738454852
224,7.7467,12.6156,1.93667,0.604244,2.80818,0.792301358814463,1.89702959447483
225,17.4251,7.81424,4.35628,0.622217,6.31661,1.79074343108596,1.49093504228335
226,11.734,9.85371,2.93351,0.573402,4.25359,1.06539346691261,1.717103997907
227,17.602,16.0089,4.40049,1.31349,6.38071,0.883159312188988,1.68924870467456
228,163.099,32.6714,40.7748,0.666294,59.1234,18.306217238013,1.35075259656403
229,24.0367,14.7539,6.00918,1.29425,8.7133,1.06901117239155,1.39887144129088
230,24.8488,7.06482,6.2122,2.14806,9.00769,0.700938171291359,1.36573617231527
231,6.52839,9.77271,1.6321,0.587227,2.36654,0.515716329196409,1.57502428663314
232,7.09802,13.7266,1.7745,0.852133,2.57303,0.439300272833673,2.02663076541139
233,7.3641,11.4889,1.84102,2.43079,2.66948,0.126904615334717,1.61916402726021
234,10.0866,11.4599,2.52166,0.835893,3.6564,0.604678688758841,1.55371064621777
235,52.2733,11.0162,13.0683,0.839749,18.9491,3.72099159341826,1.23482538802445
236,8.96846,7.74941,2.24211,0.603327,3.25107,0.759128951400616,1.46382348778904
237,8.29143,6.93395,2.07286,0.930877,3.00564,0.377747629078962,1.441497038132
238,9.55567,7.77145,2.38892,0.678188,3.46393,0.807157004325902,1.62373751515655
239,10.3102,7.64681,2.57755,0.888295,3.73745,0.514489264570392,1.50666635329759
240,13.3607,8.04938,3.34016,1.99175,4.84324,0.292187976447658,1.51026421075836
241,9.37646,12.2763,2.34411,0.844532,3.39897,0.704800718619659,1.56586723609892
242,20.25,22.705,5.06251,2.51861,7.34064,0.559826815466366,1.45610830360976
243,8.49909,7.48033,2.12477,0.608571,3.08092,0.869439208625395,1.63008133950181
244,10.1642,22.1607,2.54105,0.767259,3.68453,0.720305386001382,1.65218825086609
245,33.9705,53.6821,8.49263,0.719505,12.3143,3.66373847562638,1.35466741889358
246,22.7579,7.17711,5.68948,1.34374,8.24974,0.948911412796059,1.43207545056251
247,34.7805,9.07552,8.69513,2.83847,12.6079,0.767787687337668,1.42151988019508
248,42.2092,8.02062,10.5523,1.37835,15.3008,2.03115727520947,1.3940682206035
249,6.34,7.08448,1.585,3.68557,2.29825,0.0622304686505789,1.95256264473469
250,28.0855,7.18428,7.02138,1.18158,10.181,1.50182876362864,1.5288585006662
251,58.287,13.5408,14.5717,0.892856,21.129,4.41228616450978,1.33275149303057
252,8.37396,10.5763,2.09349,0.618607,3.03556,0.777375275090976,1.72300974981395
253,6.91391,7.85926,1.72848,7.35722,2.50629,0.0256593889478013,1.17813109175097
254,16.3928,6.89554,4.0982,3.16469,5.94239,0.280462145995793,1.31739117980251
255,6.19317,10.1196,1.54829,0.94459,2.24503,0.294126416304457,1.98880205598718
256,13.2983,9.69322,3.32456,0.778118,4.82062,1.00017730679933,1.45386223916348
257,25.1216,27.9126,6.2804,2.06607,9.10659,0.689197908096962,1.24508738019809
258,19.2064,14.1918,4.80161,1.96689,6.96233,0.482338886400116,1.34876792200305
259,70.2237,73.3569,17.5559,0.685538,25.4561,7.08336457671067,1.32712058802115
260,8.73147,11.4264,2.18287,2.42173,3.16516,0.183265450333649,1.68693995828506
261,13.8144,65.6439,3.45361,0.585676,5.00773,1.14550116308514,1.47852778472731
262,8.26645,6.93952,2.06661,1.25785,2.99659,0.276304607687377,1.55077768049918
263,10.0484,9.98712,2.5121,0.741146,3.64255,0.693626645271329,1.56876044298127
264,17.0417,8.79822,4.26044,0.646393,6.17763,1.64099258427559,1.51202090428201
265,6.74152,16.4188,1.68538,0.599045,2.4438,0.623587978153654,1.91915449098513
266,6.21108,7.87798,1.55277,1.6043,2.25152,0.168352981672238,1.63915075282916
267,6.89944,10.1242,1.72486,1.00777,2.50105,0.276643286972735,1.54829120138732
268,10.2357,23.5347,2.55891,0.702596,3.71042,0.797968934859518,1.68974356040987
269,5.96808,8.60837,1.49202,0.681869,2.16343,0.361186340299624,1.69840017948431
270,8.77307,17.0352,2.19327,0.672946,3.18024,0.631730095520194,1.57567485657382
271,6.14106,7.32928,1.53527,1.2451,2.22614,0.180988697084065,1.70438143775562
272,10.4818,134.438,2.62044,3.79854,3.79964,0.126154877512783,1.36698142533195
273,17.5915,22.2793,4.39787,0.906717,6.37692,1.2121414228066,1.40727656686027
274,14.4367,37.4983,3.60919,0.998668,5.23332,0.895231240244738,1.51445065424773
275,7.15904,7.43986,1.78976,0.791801,2.59515,0.517170480388199,1.68806684557242
276,8.03489,20.7706,2.00872,0.757409,2.91265,0.53516317782567,1.6388407011976
277,5.96003,7.36636,1.49001,0.751397,2.16051,0.416407941858939,1.8627306488322
278,12.2102,8.81692,3.05254,2.67181,4.42618,0.312946361003501,1.5367370740529
279,5.99264,40.8975,1.49816,1.59243,2.17233,0.181237871862319,1.55274022390873
280,10.2224,7.51249,2.5556,1.04147,3.70562,0.518933430111186,1.63457577189986
281,610.754,9.56516,152.688,1.56289,221.398,31.3509107429398,1.35796090617918
282,6.77348,9.01865,1.69337,2.16227,2.45539,0.0794608272023745,1.67093902873035
283,34.6526,18.1541,8.66315,0.601316,12.5616,3.82569216090307,1.41988577987218
284,6.05924,34.5509,1.51481,0.652467,2.19648,0.470925498965696,1.97186373294096
285,15.3565,10.2229,3.83912,0.912591,5.56672,1.03432160607421,1.61211739235772
286,17.7389,21.7745,4.43472,1.59819,6.43035,0.72981927984707,1.63297228080543
287,6.67701,51.7696,1.66925,8.63698,2.42042,0.0447337934063787,1.46827702311585
288,7.93724,17.365,1.98431,2.94621,2.87725,0.056970735321186,1.46915660264289
289,6.08388,8.67421,1.52097,0.650315,2.20541,0.48405669290238,1.96200188229178
290,12.4806,78.2515,3.12014,2.62214,4.5242,0.272134614389197,1.3653154793502
291,13.651,6.86081,3.41275,0.666682,4.94849,1.28656563599249,1.48686593628225
292,9.7131,7.22597,2.42827,0.868616,3.521,0.680892169113342,1.50704703089022
293,7.22853,27.8488,1.80713,1.21442,2.62034,0.265782598732445,1.71603236162112
294,7.79344,10.3369,1.94836,5.17571,2.82512,0.0350256346332135,1.3576973161794
295,7.86654,7.01886,1.96664,0.968939,2.85162,0.459061588670455,1.63045955985286
296,41.5769,6.9289,10.3942,1.75353,15.0716,1.72111225998609,1.34811746742289
297,8.35923,23.3537,2.08981,1.08372,3.03022,0.349297297833526,1.43465574945667
298,34.2262,7.39483,8.55654,0.727462,12.407,3.06369244899437,1.34544600013822
299,137.095,173.571,34.2738,1.21599,49.6969,8.08431210474623,1.3302935699391
300,23.6246,10.9903,5.90614,0.588591,8.5639,2.8701410603229,1.63329373785296
301,11.6448,12.4199,2.9112,0.574468,4.22124,1.29084091632072,1.59204952677176
302,11.5874,22.9403,2.89685,0.712232,4.20043,0.906905831673135,1.4696712973364
303,7.01605,7.62276,1.75401,1.48742,2.54332,0.246964817481445,1.79120763260145
304,6.85572,8.24331,1.71393,1.01001,2.4852,0.402571549923873,1.64634315623628
305,6.18465,7.56158,1.54616,0.623027,2.24194,0.444659690212795,1.96777419760759
306,7.83221,8.4575,1.95805,0.814981,2.83918,0.529708238882906,1.58587613081493
307,22.8819,8.87608,5.72048,0.695522,8.2947,2.07859342230239,1.40681708427866
308,6.27133,8.13703,1.56783,0.595304,2.27336,0.469464707190107,2.09868248789213
309,6.39611,27.4299,1.59903,0.590192,2.31859,0.485720454513871,2.44713686911293
310,7.71958,10.8355,1.9299,0.852434,2.79835,0.389609943253384,1.49866920575754
311,9.25095,11.9259,2.31274,0.645606,3.35347,0.859472069348616,1.7019655002467
312,6.41416,16.8432,1.60354,1.83955,2.32513,0.128712307175722,1.42777583878139
313,19.6204,118.06,4.90511,0.577078,7.11241,2.19850021044592,1.40399803909205
314,17.8133,9.31254,4.45332,5.1609,6.45731,0.232299539054258,1.47954763859783
315,8.49963,11.8778,2.12491,0.57754,3.08112,0.633740046243239,1.60788879179928
316,53.8358,21.5359,13.459,0.595179,19.5155,6.17621082306654,1.35281284163323
317,14.9383,7.46861,3.73457,0.980458,5.41513,0.678511509497917,1.41354653698274
318,29.6812,15.7986,7.42031,3.63229,10.7594,0.583420418206979,1.51992061650994
319,7.77413,7.19588,1.94353,18.5496,2.81812,0.00866023338233191,1.23536304837036
320,32.7493,7.25805,8.18734,0.779644,11.8716,2.66509466732396,1.48048208612158
321,15.4988,11.3241,3.87471,0.704121,5.61832,1.53251451671897,1.65061198903471
322,11.7989,7.26778,2.94972,0.79004,4.27709,1.18107779015138,1.78197748903386
323,17.3968,45.0233,4.3492,0.794063,6.30634,1.31558190071425,1.54880180053333
324,30.8163,8.16489,7.70407,0.678384,11.1709,3.35856167864013,1.50132092706771
325,14.2179,35.2664,3.55448,0.650831,5.15399,1.3233919255884,1.42816158192397
326,7.77343,28.1491,1.94336,3.41635,2.81787,0.105550171007349,1.77477377372253
327,10.117,24.9026,2.52925,0.620943,3.66742,0.81236579175361,1.51917700339704
328,6.26619,119.389,1.56655,0.670907,2.2715,0.402188993255252,1.72516765382444
329,15.5344,15.3407,3.8836,0.802995,5.63122,1.50415772909001,1.67609167989289
330,6.91305,32.8942,1.72826,0.617752,2.50598,0.605594235724493,1.61211049429089
331,11.7832,9.76502,2.9458,1.43701,4.27141,0.454712322433705,1.52903904104695
332,8.26971,8.15923,2.06743,0.813383,2.99777,0.396328116378156,1.38849328071196
333,7.36466,7.14825,1.84116,0.669388,2.66969,0.659095034320154,1.88537622790833
334,11.0341,8.25376,2.75851,0.607898,3.99985,1.00295766424017,1.51060637546637
335,14.037,41.9823,3.50925,0.823007,5.08841,0.885713373156182,1.41307798280625
336,10.2211,14.7075,2.55526,1.10707,3.70513,0.407848058191128,1.48161374722051
337,14.1653,12.8491,3.54133,1.14345,5.13492,0.702298837047624,1.55823561463575
338,37.2074,6.9742,9.30184,0.720021,13.4877,3.39095185943425,1.38915997212726
339,18.8607,9.50171,4.71517,0.575509,6.83699,2.6048696333214,1.61902538704181
340,14.4831,47.0219,3.62077,0.800095,5.25012,0.855113631484364,1.43232138715127
341,20.0625,76.2202,5.01561,0.868588,7.27264,1.49201897028696,1.40266461957777
342,8.5898,162.546,2.14745,0.787775,3.1138,0.669786552283568,1.70730995109587
343,5.99684,11.2441,1.49921,0.657112,2.17385,0.408385560473201,1.67399259944065
344,7.32134,9.26082,1.83033,0.603153,2.65399,0.604517454908448,1.69508377314008
345,7.14085,34.107,1.78521,6.78783,2.58856,0.0221879867805187,1.51475515992871
346,6.44851,9.31363,1.61213,0.842716,2.33758,0.331971334304232,1.76028966061092
347,12.5316,9.38801,3.1329,1.16542,4.5427,0.625207198930146,1.5023064783333
348,9.34086,21.2936,2.33522,1.18956,3.38606,0.402804237007948,1.57577561839985
349,16.1714,17.1101,4.04284,0.671803,5.86212,1.64704109396807,1.44461468842513
350,27.767,9.86224,6.94175,0.627327,10.0655,2.88642456328299,1.43995814313442
351,6.32048,13.7037,1.58012,0.661361,2.29118,0.551118620162313,1.90649419354954
352,26.8401,7.02769,6.71002,2.79832,9.72953,0.582490510376372,1.38273165504804
353,18.9888,108.563,4.74719,1.36183,6.88342,0.794704629815019,1.45807821741726
354,6.01043,11.1618,1.50261,2.00615,2.17878,0.0639607119532158,1.43961825586444
355,10.4137,7.14,2.60341,1.46533,3.77495,0.275808048283155,1.39943674866335
356,6.21561,7.32847,1.5539,0.726736,2.25316,0.484633265824149,2.15769865745056
357,15.8075,10.1702,3.95189,1.70271,5.73023,0.52066711907898,1.38555709192571
358,7.12959,10.6358,1.7824,0.61874,2.58448,0.621074761567023,1.57283182290106
359,21.229,8.78684,5.30724,1.04606,7.6955,1.33276164927052,1.31525380951794
360,9.1621,8.94182,2.29052,1.00104,3.32126,0.425049670915108,2.04084976802425
361,31.0707,8.12995,7.76767,0.739666,11.2631,2.64033551639129,1.25398946423483
362,42.4785,15.3724,10.6196,1.51661,15.3984,1.83694473437687,1.38894090234914
363,25.7897,32.2669,6.44742,3.66368,9.34877,0.383008154313072,1.58615457928685
364,26.7467,12.8555,6.68668,1.73583,9.69569,1.13086910103267,1.50354656269701
365,9.96923,16.0965,2.49231,0.5888,3.61385,0.94659224847439,1.44265837900848
366,15.7203,8.68735,3.93008,0.711138,5.69861,1.42449180718781,1.54528335273982
367,70.5478,10.2297,17.637,0.771381,25.5736,6.35574445314731,1.34100604833814
368,25.8134,17.6242,6.45334,5.64144,9.35734,0.224099272343746,1.28875567028917
369,6.8187,7.06085,1.70468,0.758823,2.47178,0.476199281499723,1.92727684695246
370,31.3326,12.0093,7.83315,0.612816,11.3581,3.57905235263941,1.4637013882212
371,12.5891,8.13909,3.14728,0.778888,4.56356,1.03471764777701,1.64637873541039
372,94.0493,7.44207,23.5123,0.740519,34.0929,9.62234282960513,1.40803949274593
373,33.127,10.2663,8.28176,0.830391,12.0085,2.54987125640318,1.43920717351846
374,10.8926,7.10562,2.72314,0.752305,3.94856,0.917839944483018,1.54209976673041
375,27.3641,7.08807,6.84101,1.09994,9.91947,1.75704405417797,1.50065242389682
376,17.4534,9.11799,4.36335,5.67819,6.32685,0.19970673680702,1.36662598933612
377,8.23009,15.4255,2.05752,1.34315,2.98341,0.276341080206031,1.68876230296061
378,15.2042,14.4642,3.80105,6.61424,5.51152,0.113325839634113,1.43810330040803
379,11.7857,21.5907,2.94642,1.07794,4.27231,0.585966969637925,1.69385418230621
380,12.9734,13.3971,3.24334,1.82245,4.70285,0.331345055621017,1.34295624032833
381,18.8473,15.3802,4.71184,1.56076,6.83216,0.743489146147869,1.54438390716826
382,12.2195,19.1006,3.05486,1.35338,4.42955,0.576729643449449,1.69620494596555
383,12.5714,6.81611,3.14284,2.61519,4.55712,0.322685692495847,1.532760321691
384,8.8764,10.139,2.2191,1.04859,3.2177,0.413488356996503,1.74853645410753
385,61.1924,7.5709,15.2981,1.24152,22.1822,3.55081424626144,1.35732615480507
386,7.11341,14.6219,1.77835,1.28608,2.57861,0.277234684397449,1.47262535334586
387,6.29516,8.14394,1.57379,1.1911,2.282,0.274369110254095,1.7423128702196
388,24.7446,22.5185,6.18615,1.97922,8.96992,0.790022749830638,1.70712207247415
389,375.106,50.3089,93.7766,1.46707,135.976,19.4322736335158,1.34522355409041
390,7.84846,8.40166,1.96212,0.650646,2.84507,0.659327719667106,1.65444272571962
391,7.15889,21.5751,1.78972,1.27318,2.5951,0.279481382627089,1.70000890509281
392,17.8117,11.8296,4.45292,0.576353,6.45673,2.09173000142751,1.51705487426352
393,20.4742,9.38094,5.11854,1.13387,7.42188,1.06924797003791,1.43979503313473
394,22.8328,17.4777,5.70821,0.650438,8.2769,1.9735748271738,1.35799849850501
395,6.59481,48.7173,1.6487,0.898442,2.39062,0.248592676716906,1.76657757658073
396,6.30197,20.7302,1.57549,0.586984,2.28447,0.510630329438793,1.59190211386706
397,13.9522,14.4671,3.48806,0.916326,5.05768,1.10160712299571,1.57977613382614
398,10.6206,10.0932,2.65515,0.945021,3.84997,0.796859296869068,1.66729699776805
399,13.7618,7.38001,3.44044,1.26287,4.98864,0.561146567774635,1.54202302046797
400,23.8985,7.38894,5.97463,0.785556,8.66322,2.14756235729937,1.37527995392182
401,8.01877,12.2055,2.00469,0.669507,2.90681,0.546579011821886,2.01301153137756
402,8.1772,8.92082,2.0443,1.19284,2.96423,0.328751371462189,1.56515164712108
403,21.9318,19.946,5.48296,2.88416,7.95029,0.505412210399531,1.54272225251389
404,7.30299,10.957,1.82575,0.804026,2.64733,0.440471529308979,1.61764497069627
405,13.5914,16.6733,3.39785,0.597544,4.92688,1.33106039460775,1.36288120865839
406,6.76701,9.94208,1.69175,0.864077,2.45304,0.414059944261409,2.45559427462933
407,11.8699,9.58066,2.96748,0.671547,4.30285,1.09063851875884,1.63649907289477
408,10.2446,15.6066,2.56116,0.71447,3.71368,0.862863827268279,1.58423203475195
409,17.9538,7.24226,4.48845,1.75206,6.50825,0.686024842855754,1.56474899303117
410,11.504,16.4109,2.87599,0.87631,4.17018,0.760182191412669,1.64708572361281
411,9.75573,498.041,2.43893,1.03133,3.53645,0.537236760611291,1.58610101991007
412,25.269,12.9253,6.31726,0.751884,9.16002,2.21497432040737,1.42102965788214
413,16.8475,19.5405,4.21187,1.91431,6.10721,0.503283980881041,1.34647428748951
414,15.0888,13.0361,3.7722,0.828839,5.46968,0.992694653910637,1.59260646076648
415,33.8993,6.83409,8.47483,1.78305,12.2885,1.3192473488671,1.44305013929427
416,7.36772,7.37401,1.84193,1.03224,2.6708,0.370001199190942,1.93529848584065
417,7.07097,10.7616,1.76774,0.698536,2.56323,0.374877368279658,1.59042531021106
418,17.8082,9.9853,4.45206,0.880197,6.45548,1.46805261663176,1.67126263815681
419,7.56025,13.1466,1.89006,1.04603,2.74059,0.326104937973817,1.71619158079808
420,85.1667,13.6225,21.2917,1.28012,30.8729,5.11953153557233,1.40550334629611
421,6.28663,11.2852,1.57166,1.57657,2.2789,0.152837331174856,1.74578618399645
422,21.1301,7.50348,5.28254,0.706671,7.65968,2.01936883137808,1.44037203309214
423,22.8607,6.8818,5.71518,0.742882,8.28702,1.85601314868376,1.48080421850686
424,18.8946,7.62291,4.72366,2.40147,6.84931,0.452455416208131,1.6349611771692
425,35.7416,7.14733,8.93541,0.622266,12.9563,3.71879171882223,1.36415658091582
426,13.2135,7.68775,3.30338,0.681509,4.7899,1.24632891666328,1.49052006006859
427,9.44739,7.7315,2.36185,0.592141,3.42468,0.760629571128969,1.52467863743589
428,6.9447,14.4886,1.73618,0.63395,2.51745,0.671929164948488,1.89776678640848
429,58.6717,23.892,14.6679,1.58854,21.2685,2.8049859536693,1.41293083639422
430,6.16386,7.78588,1.54096,2.1111,2.2344,0.0867607417367088,1.66890754196203
431,6.33897,40.9275,1.58474,0.617139,2.29788,0.478926450306207,1.92670847238068
432,14.7944,16.3333,3.69859,1.15687,5.36296,0.689034133661295,1.5807531616779
433,7.71234,12.8653,1.92808,1.15817,2.79572,0.328668782264457,1.81488929454928
434,7.61296,8.42688,1.90324,0.596556,2.7597,0.589640426810498,1.38706541442227
435,15.87,12.5123,3.96751,1.0319,5.75289,1.16447207442364,1.75391137471007
436,16.353,10.4413,4.08825,1.05023,5.92796,0.777328198819989,1.50370615290011
437,11.4545,7.10223,2.86363,0.867944,4.15226,0.856669844711941,1.61958426890857
438,8.07352,8.78113,2.01838,1.62383,2.92665,0.27916122258562,1.61243659905883
439,5.98994,7.96447,1.49749,1.56614,2.17135,0.126952555766243,1.83368020168137
440,6.87992,15.0515,1.71998,0.680553,2.49397,0.497295605387044,1.81297504669808
441,9.71472,8.72513,2.42868,1.53755,3.52159,0.382177867281219,1.56895317096087
442,8.3282,17.7262,2.08205,0.637997,3.01897,0.897940619942622,1.71070562741686
443,13.3541,35.3083,3.33854,0.745191,4.84088,1.09263811810688,1.42667210760279
444,100.395,8.86414,25.0987,0.585102,36.3931,12.4668670574196,1.31677108756279
445,10.6639,8.99495,2.66598,3.71782,3.86567,0.0684154375962329,1.26489390923979
446,18.408,8.83259,4.602,0.722304,6.67291,1.51482963233559,1.31325485058166
447,7.6779,48.408,1.91948,0.953279,2.78324,0.456998664698161,1.95165487639094
448,9.81372,6.92247,2.45343,1.31407,3.55747,0.369532625240138,1.68371679197538
449,8.58587,22.6667,2.14647,0.952062,3.11238,0.512792936476555,1.4924020648512
450,14.4326,9.0409,3.60816,0.616423,5.23183,1.39279935397085,1.4552472840118
451,10.8154,8.31506,2.70386,0.826567,3.92059,0.737985477133694,1.56877172747681
452,7.56501,7.1605,1.89125,3.25718,2.74232,0.0808557229746306,1.73988964880653
453,9.78504,12.3883,2.44626,0.668617,3.54708,0.839429462995458,1.75654492969941
454,22.1134,9.41712,5.52834,0.67535,8.0161,2.17531725845329,1.3938137489541
455,6.8653,13.4586,1.71633,1.03531,2.48867,0.269695573364921,1.99589458344832
456,7.34635,11.7584,1.83659,0.880655,2.66305,0.460815187675786,1.7264424574623
457,21.779,28.0707,5.44475,2.02615,7.89489,0.625070159819087,1.49200673367633
458,9.3612,19.1527,2.3403,1.26232,3.39343,0.347277953793793,1.46546763354469
459,7.31541,141.693,1.82885,0.675771,2.65184,0.607810479141813,1.63959373102149
460,7.55243,8.14678,1.88811,1.21785,2.73776,0.236800959991631,1.45068705761408
461,10.2491,24.5899,2.56227,1.07986,3.71529,0.643238524495938,1.59006426629497
462,6.66994,44.1499,1.66748,18.2567,2.41785,0.00647752024665811,1.3126121718797
463,8.95444,11.1547,2.23861,1.00331,3.24599,0.462501062252955,1.56937481777508
464,24.017,10.4901,6.00424,0.597108,8.70615,2.85190133810217,1.47920064132244
465,7.53123,6.89071,1.88281,1.16649,2.73007,0.286281547600553,1.55792992212563
466,9.20833,25.7712,2.30208,0.580064,3.33802,0.87713137619924,1.53760284845195
467,6.64185,16.4326,1.66046,0.83423,2.40767,0.347882961290761,1.88254226897929
468,19.4403,10.4818,4.86008,0.658387,7.04712,2.01208818464195,1.58009691182953
469,9.93599,11.3846,2.484,0.694974,3.6018,0.986197506125698,1.58138623150303
470,6.56604,11.0746,1.64151,0.576901,2.38019,0.629933760842271,1.97558680588448
471,6.09755,11.7652,1.52439,2.4768,2.21036,0.0717378254197998,1.93796889957519
472,6.19665,20.7375,1.54916,1.53669,2.24629,0.138433619246267,2.13590368404998
473,37.9215,30.8732,9.48037,0.747408,13.7465,3.5281252450663,1.4194428186117
474,11.4403,128.914,2.86008,1.52623,4.14711,0.339100539598444,1.48049195292742
475,6.65941,29.7748,1.66485,1.87647,2.41404,0.138564384451733,1.50562317530261
476,13.8414,9.98838,3.46035,0.674634,5.0175,1.38039335771223,1.67713669411932
477,6.85388,7.21611,1.71347,0.577442,2.48453,0.575202879818153,1.82396176695428
478,8.09562,9.49723,2.02391,1.78397,2.93466,0.217332161871483,1.68786837953223
479,26.0984,8.03033,6.52461,5.87963,9.46068,0.234984952218866,1.45614667330163
480,17.5553,19.8621,4.38883,1.09616,6.36381,1.11531978088689,1.72078660050046
481,6.34011,8.61786,1.58503,0.674338,2.29829,0.437875705710354,1.89568747323433
482,82.6497,7.53366,20.6624,0.771212,29.9605,8.11154825672074,1.362403009617
483,14.1524,8.87196,3.53809,1.23796,5.13023,0.604965243529543,1.50565168257235
484,10.6548,45.2654,2.6637,0.594439,3.86237,1.07682146555259,1.81966903364831
485,9.06345,8.64523,2.26586,0.818173,3.2855,0.69443386585989,1.53053661875465
486,6.18651,11.5659,1.54663,1.15289,2.24261,0.201321282383556,1.69673960069211
487,7.91747,14.8313,1.97937,0.931263,2.87008,0.316156226552496,1.63619248998017
488,8.01046,9.81258,2.00262,0.593038,2.90379,0.724710787326549,1.6814022360168
489,6.12384,27.4624,1.53096,0.630216,2.21989,0.448051097955935,2.09593565793843
490,6.088,13.4487,1.522,1.5842,2.2069,0.167362673861107,1.74086058490296
491,17.0271,7.39813,4.25676,1.41338,6.17231,0.680091602229927,1.51048652318413
492,7.07932,26.1619,1.76983,0.90512,2.56625,0.421140410654795,2.1489762400185
493,12.9623,41.6911,3.24057,1.86046,4.69883,0.387080190847108,1.41897465085215
494,15.8533,12.1151,3.96332,0.951392,5.74681,0.8916095845066,1.47737711250022
495,6.19836,13.0815,1.54959,3.52125,2.24691,0.0573978794411144,1.50164374233117
496,16.4526,11.7987,4.11314,1.48047,5.96406,0.703738303346491,1.54717196063974
497,6.80525,8.809,1.70131,0.608152,2.4669,0.599815631674074,2.16758181744017
498,11.0049,11.1334,2.75121,2.58085,3.98926,0.169516968438293,1.4468770053287
499,16.1385,9.93509,4.03462,1.27645,5.85021,0.707985792215683,1.53812224388967
500,13.582,11.7559,3.39551,0.620266,4.92349,1.24238967908747,1.51797124939679
501,8.56708,7.50673,2.14177,1.05815,3.10557,0.40807254314511,1.59051505176237
502,8.32845,10.4154,2.08211,1.44343,3.01906,0.285376088474748,1.81885225881868
503,7.33454,24.2224,1.83364,0.914523,2.65877,0.349742917478258,1.89106804091452
504,40.6524,15.9949,10.1631,14.725,14.7365,0.142560316423386,1.26273125953459
505,18.2364,15.756,4.55909,0.58594,6.61068,1.85130285881963,1.35252999816636
506,8.77674,63.0446,2.19419,5.00926,3.18157,0.068716779587981,1.45739603787871
507,17.9083,10.0374,4.47707,4.03885,6.49175,0.223179899361215,1.42667253873875
508,6.1277,15.449,1.53192,1.98544,2.22129,0.12189193811411,1.49717108722303
509,12.6647,8.43026,3.16617,0.980962,4.59095,0.75487333888785,1.5448903317822
510,107.415,44.7225,26.8537,0.575863,38.9379,13.6795845037012,1.37159878171374
511,6.13175,7.15187,1.53294,3.06994,2.22276,0.0475688828922449,1.68883776260862
512,13.2759,31.5705,3.31898,1.46098,4.81252,0.539900781099851,1.43349500500069
513,9.98881,6.83968,2.4972,0.811143,3.62094,0.588273702976386,1.61945782787376
514,8.31281,7.27324,2.0782,1.02291,3.0134,0.41090167765482,1.72648479429113
515,43.507,24.7198,10.8768,0.723157,15.7713,4.06822608877893,1.34428051074479
516,8.81565,7.47394,2.20391,1.2296,3.19567,0.427609675136121,1.38340067802129
517,7.35146,19.2049,1.83787,1.32546,2.6649,0.283099847981148,1.59580640156641
518,8.82293,29.2019,2.20573,0.720806,3.19831,0.686940147735189,1.57879922754763
519,6.81413,10.2625,1.70353,2.35801,2.47012,0.100777717361984,1.61873795092388
520,8.53714,20.276,2.13428,3.47901,3.09471,0.124497141214715,1.73382147404323
521,42.5895,9.87929,10.6474,0.62641,15.4387,5.18065876827659,1.41846168035928
522,6.61898,7.0021,1.65474,1.25622,2.39938,0.194437442162563,1.58118598902152
523,6.65146,14.9051,1.66286,0.646389,2.41115,0.427057903869335,1.76917744413989
524,6.16857,7.35344,1.54214,1.89794,2.23611,0.101119667890089,1.4619998030141
525,19.014,18.4255,4.7535,0.811855,6.89258,1.50432597862574,1.48589292534161
526,13.1129,43.3628,3.27823,1.21937,4.75343,0.545025265723248,1.49257706485681
527,7.59823,50.4472,1.89956,0.997832,2.75436,0.368248703222047,1.84689997637061
528,9.0076,80.5673,2.2519,1.29369,3.26525,0.361633190908249,1.54375610937707
529,7.57899,10.6458,1.89475,0.99307,2.74738,0.34340613101516,1.4849600944825
530,73.7888,17.326,18.4472,1.45272,26.7484,3.6463071493575,1.37318957769343
531,6.43258,6.83566,1.60814,2.79477,2.33181,0.053015416066095,1.91458167417598
532,18.2766,10.9623,4.56915,0.615287,6.62527,2.16546429429368,1.52770665135044
533,40.9266,17.2684,10.2317,0.705396,14.8359,4.0036334969206,1.34823175818801
534,9.2492,28.5432,2.3123,0.611601,3.35284,0.637981194571193,1.63547136249204
535,13.8887,7.69109,3.47217,1.41254,5.03465,0.435117605371324,1.58543465655282
536,34.4568,198.306,8.61421,1.13802,12.4906,1.89087121354904,1.41660125383521
537,6.8098,6.8807,1.70245,1.00521,2.46855,0.37029466228678,1.63125323876404
538,7.19011,13.8194,1.79753,0.90751,2.60641,0.471426567447862,2.01405692905698
539,6.60138,37.841,1.65035,1.51833,2.393,0.299989147772701,1.64305566938128
540,12.8111,10.4713,3.20276,0.672898,4.64401,1.18878585419352,1.53136354927927
541,23.5782,9.5534,5.89456,0.877902,8.54711,1.77169917358113,1.4047954384848
542,6.4276,7.65348,1.6069,1.10259,2.33001,0.235448301665484,1.98563875768927
543,9.83745,15.3454,2.45936,0.688439,3.56608,0.768884366773601,1.67331830708161
544,28.3425,8.1583,7.08563,1.06194,10.2742,1.76595744545681,1.3427169402992
545,7.82127,47.1012,1.95532,0.740778,2.83521,0.568098561590509,1.71907170943096
546,9.36049,8.89992,2.34012,0.76016,3.39318,0.538004060417485,1.43579370457362
547,11.5282,13.2096,2.88206,0.746077,4.17899,0.907737658971625,1.36707873030977
548,8.25276,14.7057,2.06319,0.687297,2.99163,0.623118683498383,1.83635220134909
549,6.48413,79.402,1.62103,0.672844,2.3505,0.424574432846172,1.81062335005478
550,278.525,15.9917,69.6313,0.901743,100.965,23.635936995414,1.33118445334159
551,7.13198,7.35977,1.78299,1.277,2.58534,0.216302070686713,2.0346566287134
552,6.18041,12.107,1.5451,0.626303,2.2404,0.472784323284279,2.02957190945397
553,9.37564,14.8833,2.34391,0.765773,3.39867,0.553300784917313,1.3146922085491
554,21.2647,152.262,5.31619,0.791829,7.70847,1.84243254403569,1.40588627900559
555,19.7511,11.3114,4.93778,1.00999,7.15979,1.24160585698891,1.40461254378472
556,10.0971,14.0608,2.52428,0.699126,3.6602,0.757868775609732,1.7374974433881
557,49.3745,10.5538,12.3436,1.63047,17.8983,2.13195710940204,1.42981279396833
558,11.3878,32.5504,2.84694,1.8656,4.12807,0.367728207126682,1.68833877073294
559,6.82075,7.21068,1.70519,1.33654,2.47252,0.222161245924003,1.84011910298374
560,6.6813,20.1753,1.67033,1.9111,2.42197,0.132143145617696,1.75523504254858
561,23.6333,7.27979,5.90832,0.588527,8.56706,2.76227602038431,1.37358394249889
562,7.75603,12.9106,1.93901,0.64956,2.81156,0.659529676711135,1.98072733612258
563,11.7298,53.4216,2.93246,0.697592,4.25207,0.977951768764126,1.70259436896662
564,29.7124,23.191,7.42811,1.39879,10.7708,1.46193817464721,1.42614735612905
565,6.61988,8.72209,1.65497,0.639158,2.39971,0.479612079539577,1.6688006840953
566,6.51553,20.0079,1.62888,0.971496,2.36188,0.257809061178054,1.69559938480907
567,6.31006,41.7944,1.57751,0.937225,2.2874,0.312541273144232,1.76265307901812
568,6.54861,28.2358,1.63715,0.703164,2.37387,0.491669491278454,1.85706438888781
569,17.4897,12.2301,4.37243,2.16712,6.34002,0.399080572286558,1.3038489142107
570,10.7345,7.39525,2.68363,0.688377,3.89127,0.958167228519389,1.46885554820932
571,8.75028,7.9568,2.18757,0.587809,3.17198,1.1397687047178,1.75753603306572
572,8.87073,10.4033,2.21768,0.747627,3.21564,0.545318432057318,1.43669572282937
573,364.155,11.8132,91.0387,1.77774,132.006,15.4696631083891,1.33759000509769
574,38.2267,11.1259,9.55668,0.850858,13.8572,2.71654103206486,1.34581916569355
575,7.60793,11.0105,1.90198,2.93001,2.75788,0.0885829700228272,1.47506010016611
576,6.14848,9.37501,1.53712,2.55205,2.22883,0.0592123681061361,1.27760792906325
577,27.636,22.5858,6.909,1.63782,10.018,1.03730011977754,1.27935848529137
578,7.07271,11.8726,1.76818,0.772259,2.56386,0.497277638458248,2.05973814053844
579,8.76493,20.275,2.19123,0.673715,3.17729,0.675116054713173,1.64616505097537
580,8.55137,47.6997,2.13784,1.08881,3.09987,0.37552665255313,1.41796971932517
581,6.61054,11.2346,1.65264,0.873383,2.39632,0.336624416317685,1.79109059289455
582,6.17598,10.3217,1.54399,0.750154,2.23879,0.406036564035196,1.87714402899653
583,12.2899,15.7069,3.07248,1.32128,4.4551,0.540062990125873,1.59457302276413
584,7.49466,7.53951,1.87366,1.03736,2.71681,0.458393016751632,1.73849183072923
585,6.91621,30.1797,1.72905,0.612293,2.50713,0.636415656218129,2.40682389783784
586,15.6018,8.46564,3.90044,0.891562,5.65564,1.23896021515175,1.4707121203373
587,121.625,40.6674,30.4062,1.29474,44.089,6.65204955094482,1.35275474907702
588,7.13121,24.7322,1.7828,4.17202,2.58506,0.0555129114931476,1.28743023938472
589,11.1735,19.4452,2.79337,3.0771,4.05039,0.183773658689005,1.41755007834968
590,28.6845,8.9053,7.17113,1.60702,10.3981,1.12845843464505,1.39364038883354
591,15.7489,10.616,3.93723,0.67255,5.70899,1.53860857602883,1.51834786239153
592,7.91318,15.1138,1.9783,2.74253,2.86853,0.198121191009569,1.79719429587951
593,13.2861,12.7466,3.32153,1.58456,4.81621,0.51237296756549,1.49712581503864
594,14.4173,58.8138,3.60432,0.707901,5.22626,1.06679011183974,1.69698168206794
595,18.373,11.3813,4.59324,0.717485,6.6602,1.61091725544526,1.59178263498172
596,6.43899,25.7219,1.60975,0.593546,2.33413,0.578477319905298,1.71367207461373
597,6.57921,10.1551,1.6448,0.69276,2.38496,0.580652243476204,1.95608051606828
598,7.73652,15.9975,1.93413,1.46519,2.80449,0.303328461493601,1.7147087361432
599,16.455,6.81956,4.11375,4.59075,5.96493,0.152341336660581,1.43342221271907
600,10.9462,11.2976,2.73654,0.590196,3.96798,1.003977320899,1.74299937667392
601,6.15804,28.0858,1.53951,0.703501,2.23229,0.480752785359842,1.889152329498
602,93.4831,17.4243,23.3708,3.058,33.8876,1.95669526713983,1.27955234113664
603,10.1775,7.00267,2.54439,0.635284,3.68936,0.723076368784138,1.76061315320504
604,14.9644,83.7026,3.74109,0.708925,5.42458,1.16684212140247,1.47493825047942
605,6.3239,11.7562,1.58097,1.36573,2.29241,0.214548608137916,1.94502132418123
606,12.5412,19.7463,3.1353,0.75722,4.54618,1.02612510848736,1.7364915453195
607,15.0912,105.38,3.7728,0.769442,5.47056,1.18033380033426,1.59057017496259
608,7.32228,14.367,1.83057,0.582929,2.65433,0.564037655155088,1.54281912402069
609,15.4265,7.02132,3.85662,1.59361,5.59209,0.579481063867888,1.58068182900436
610,14.744,9.9652,3.68601,0.59187,5.34472,1.53398059205183,1.49683264819218
611,8.56961,11.9949,2.1424,0.84816,3.10648,0.562014541884585,1.81003494020243
612,125.134,15.1282,31.2834,0.679938,45.361,13.7589070217717,1.33625786057644
613,30.9185,22.7842,7.72962,8.3934,11.208,0.190537270608348,1.30529749413367
614,6.74487,17.1369,1.68622,0.862038,2.44501,0.309511851798659,1.55910381278702
615,7.95207,11.1712,1.98802,0.747979,2.88263,0.527341656863325,1.67854136690815
616,49.0331,12.6848,12.2583,0.915058,17.7745,3.77665673013589,1.47100361352929
617,6.27814,34.6707,1.56953,0.98178,2.27582,0.243655600537107,1.64783811142184
618,6.78581,37.4936,1.69645,0.730264,2.45986,0.548387290771258,1.98337646916279
619,7.8776,11.1448,1.9694,0.94106,2.85563,0.390126289201883,1.46631572663525
620,6.49833,7.88156,1.62458,3.83383,2.35565,0.0714708453911181,1.76066636629883
621,6.23417,11.4289,1.55854,0.989353,2.25989,0.252593588582568,1.63722057170972
622,6.64691,10.0467,1.66173,0.701858,2.4095,0.535115739348735,1.85696952535231
623,5.95652,7.94564,1.48913,0.596002,2.15924,0.536957770796786,2.07763650857379
624,17.9559,38.5752,4.48898,0.710178,6.50903,1.66084017493686,1.35531351380245
625,6.22977,7.19761,1.55744,1.02505,2.25829,0.26995737311272,1.91143282437843
626,7.70335,24.9605,1.92584,0.731617,2.79246,0.578975596894868,2.12847331445977
627,19.183,7.15867,4.79575,0.594681,6.95384,2.14418930632803,1.43433144121068
628,9.65833,7.89405,2.41458,10.7833,3.50114,0.0441384622009367,1.31985919110635
629,13.4407,28.7487,3.36016,2.12785,4.87224,0.291298250052378,1.13399700768814
630,22.6619,19.2067,5.66547,1.38998,8.21493,0.93173710253054,1.44694080375828
631,21.9194,17.1167,5.47985,1.58288,7.94578,0.896157944393076,1.53236869730478
632,8.45284,7.33136,2.11321,1.02015,3.06416,0.429389115966568,1.64612748990412
633,15.5892,17.0191,3.89729,0.726983,5.65107,1.3257010186134,1.49414031195739
634,11.7288,8.52092,2.93219,1.08977,4.25168,0.584402326102958,1.78777749706043
635,16.4941,12.9999,4.12352,0.948563,5.97911,1.1278760867974,1.4092410231336
636,6.85878,14.9913,1.7147,0.884234,2.48631,0.295739942432793,1.79699912778206
637,15.7149,15.1267,3.92871,0.817014,5.69664,1.10930318066231,1.49561412278989
638,8.85976,8.84843,2.21494,0.686996,3.21166,0.721814987177895,1.81104902615592
639,10.1728,11.0786,2.54321,1.0872,3.68765,0.506643650664963,1.6158673592593
640,6.95233,7.36772,1.73808,1.0388,2.52022,0.394473204537452,1.88637370280019
641,31.812,24.2721,7.95301,1.57567,11.5319,1.37113023893232,1.48316226716522
642,38.7749,77.5637,9.69373,0.912283,14.0559,2.91069016528651,1.44849714592526
643,11.3511,7.01743,2.83776,2.03638,4.11476,0.269278686935491,1.44373572163485
644,8.72725,8.28283,2.18181,0.587323,3.16363,1.03621190476655,1.78126980725776
645,20.0167,17.0766,5.00417,0.580244,7.25605,2.61592027357762,1.51722471693781
646,6.08706,8.17971,1.52176,0.88843,2.20656,0.311106111965626,1.83328838172843
647,14.7305,13.7858,3.68262,0.604725,5.33981,1.47284862872901,1.49775696436143
648,14.2679,19.2521,3.56698,0.679758,5.17212,1.2089073374816,1.50620907890464
649,14.5168,65.496,3.62921,1.08805,5.26235,0.759798699169675,1.38976315198868
650,21.3675,13.6164,5.34186,3.3372,7.7457,0.296008868483114,1.40869521206328
651,7.94547,26.6082,1.98637,2.32012,2.88023,0.144510932261884,1.72345108640586
652,15.3414,23.2604,3.83534,0.640219,5.56124,1.48948357070062,1.50342791881299
653,14.6224,7.76769,3.65559,0.654599,5.30061,1.45846894827726,1.4513434978861
654,11.2521,6.93332,2.81303,0.644753,4.0789,0.939175079162875,1.57431161867874
655,9.18856,7.07369,2.29714,13.4813,3.33085,0.0103152174620608,1.27887701064082
656,6.94654,17.9045,1.73664,2.27671,2.51812,0.081570344003853,1.76111808072939
657,22.7551,10.1233,5.68878,8.42196,8.24874,0.126406288764356,1.2958197205005
658,281.99,8.75832,70.4975,0.756624,102.221,28.6053826514249,1.35897828564012
659,16.3683,27.5915,4.09207,0.589012,5.9335,2.11849827381063,1.50231912958001
660,10.3613,8.7384,2.59033,0.668552,3.75598,0.911653304522611,1.71364402332425
661,16.6357,48.6662,4.15892,1.16566,6.03044,0.910578893825338,1.49607680992363
662,12.4729,36.9364,3.11821,0.785281,4.52141,0.967870395744036,1.67207036904606
663,6.08275,7.51804,1.52069,1.26374,2.205,0.180781007567723,1.60473475732046
664,6.27199,11.174,1.568,2.06477,2.2736,0.101525440528841,1.25163648961002
665,10.6993,16.9398,2.67484,4.9542,3.87851,0.139442715546228,1.6584976891555
666,265.395,23.51,66.3488,0.589459,96.2058,35.0529666647274,1.3656008435199
667,10.6367,285.482,2.65917,1.88711,3.8558,0.375505251508879,1.58115681449668
668,6.80781,11.269,1.70195,0.863172,2.46783,0.394620522436858,1.76098660238743
669,45.7775,9.75537,11.4444,3.79109,16.5943,0.917513753505059,1.32075363634504
670,9.12769,25.6442,2.28192,0.728337,3.30879,0.757112653546136,1.99427129502213
671,17.1045,14.6182,4.27612,0.848389,6.20037,1.24165322329586,1.3463721913678
672,9.92691,12.6286,2.48173,1.51527,3.59851,0.316949930967089,1.44597490717812
673,7.307,34.3894,1.82675,5.15719,2.64879,0.0363558843928792,1.46489963996441
674,33.2836,11.908,8.32091,4.1023,12.0653,0.553030846219966,1.32845757706662
675,10.7983,19.9555,2.69958,0.585127,3.9144,0.885237332480678,1.70066494286489
676,6.38629,21.3829,1.59657,0.846447,2.31503,0.263296169114646,1.54063640149873
677,10.3521,10.4144,2.58802,1.51945,3.75264,0.217718249190956,1.36040251444773
678,6.57906,7.95164,1.64476,1.29202,2.38491,0.209308391982321,1.80275496685282
679,8.19185,33.7806,2.04796,0.647496,2.96955,0.669286318570856,1.62625717357697
680,8.59789,13.7217,2.14947,0.594462,3.11673,0.731142113585109,1.64816326107897
681,61.2786,7.04385,15.3196,1.57684,22.2135,2.60724455336413,1.41089854898181
682,9.75088,18.8156,2.43772,0.756042,3.5347,0.739550195729532,1.82120423537817
683,7.1036,17.6987,1.7759,5.57511,2.57505,0.0442402191524614,1.31761485857943
684,7.92362,26.0967,1.9809,0.595008,2.87231,0.739174500736103,1.81913978014403
685,11.9154,7.04459,2.97884,1.53462,4.31932,0.521653449033515,1.50602343983895
686,9.05527,64.5362,2.26382,0.746608,3.28254,0.728413377944867,1.59777131029003
687,6.06871,11.9446,1.51718,2.32293,2.19991,0.0551972198693215,1.83332818214374
688,27.5866,7.92449,6.89666,0.64019,10.0002,2.79483579310797,1.47929419768812
689,8.29701,7.15041,2.07425,0.62383,3.00767,0.678879645608655,1.95845535683933
690,9.21424,7.89097,2.30356,0.690158,3.34016,0.69015161380719,1.64337791715201
691,8.69423,26.2479,2.17356,1.02353,3.15166,0.346666140362316,1.69097281565616
692,7.44718,29.999,1.86179,0.834937,2.6996,0.506285456262404,1.91116583063911
693,42.611,18.4094,10.6528,0.582083,15.4465,4.99760123384949,1.39779173990925
694,6.27473,9.28369,1.56868,0.733033,2.27459,0.31243180468573,1.34401559240403
695,11.3659,6.9294,2.84148,0.997809,4.12014,0.800922802941141,1.79127402770761
696,9.62307,15.7256,2.40577,0.640205,3.48836,0.723548613126116,1.5447519101337
697,10.502,11.1936,2.62549,0.762465,3.80697,0.782163806552893,1.7482509367082
698,6.14224,53.8173,1.53556,4.00089,2.22656,0.0797311881557998,1.55550365109214
699,7.20503,7.27124,1.80126,0.991862,2.61182,0.231897134171411,1.49365954657998
700,7.06596,11.5995,1.76649,0.976411,2.56141,0.31059826846413,1.72782148656344
701,8.03655,9.08264,2.00914,1.7006,2.91325,0.202629660499517,1.49314290671253
702,26.2892,8.64432,6.57229,0.838262,9.52983,2.18776370931799,1.43974077707298
703,8.32714,37.4546,2.08178,0.681676,3.01859,0.63776230355414,1.45969679749319
704,7.81907,9.34264,1.95477,0.880097,2.83441,0.336535259989183,1.54625059296972
705,8.39577,8.08898,2.09894,2.46952,3.04347,0.14507896590506,1.43106523741095
706,6.96379,9.12894,1.74095,1.32966,2.52437,0.260576029559289,1.65350993223768
707,9.79256,12.919,2.44814,2.95895,3.5498,0.198580607448304,1.64067153432524
708,9.29416,8.14251,2.32354,0.727772,3.36913,0.671944155044343,1.55714728584577
709,6.33922,7.33167,1.58481,0.808041,2.29797,0.293006294222622,2.01667003712265
710,9.57887,7.72638,2.39472,1.26631,3.47234,0.405961444333695,1.52876725130447
711,109.11,8.02695,27.2776,0.682208,39.5525,11.9401884355729,1.33966350650307
712,7.03749,6.85339,1.75937,0.841564,2.55109,0.599189002060839,2.06583284880077
713,9.82855,11.5996,2.45714,1.033,3.56285,0.501275248998547,1.45890071493673
714,9.90631,12.6457,2.47658,0.937249,3.59104,0.629135220382361,1.82276552045281
715,10.2982,11.2729,2.57455,1.40084,3.7331,0.413823577057101,1.50478492542761
716,11.6286,10.3558,2.90715,0.870893,4.21537,0.709357944998154,1.55758717028303
717,19.6315,9.53363,4.90789,1.52488,7.11643,0.779374336468082,1.39956721610561
718,6.68846,7.26927,1.67211,0.771171,2.42457,0.291551342594987,1.53766590192845
719,52.0126,9.05774,13.0031,0.727697,18.8546,4.69237290729197,1.30625330115441
720,9.82497,12.5865,2.45624,0.74393,3.56155,0.786769481226637,1.60893806824787
721,6.77619,20.402,1.69405,3.65851,2.45637,0.0682733346066108,1.36214567682258
722,6.30428,17.2229,1.57607,0.864611,2.2853,0.277695271068533,2.07230107528825
723,8.14747,8.76595,2.03687,3.04514,2.95346,0.0755663196103161,1.73212351454856
724,18.8353,25.241,4.70884,0.828108,6.82781,1.53098569850727,1.49538360103861
725,12.7962,9.02237,3.19906,5.7373,4.63864,0.148498399232549,1.53404275333922
726,7.91786,61.4825,1.97947,1.89948,2.87023,0.215669196081701,1.56835082246132
727,6.62449,6.97417,1.65612,0.899333,2.40138,0.350854815098229,1.95836538079385
728,7.3065,49.2483,1.82662,1.11575,2.6486,0.285185032263592,1.50427325454772
729,10.972,14.3599,2.74299,0.787757,3.97734,0.792350643560345,1.56116262974323
730,57.2758,25.1415,14.3189,0.759597,20.7625,5.09197997361776,1.35484925831757
731,7.83166,7.35313,1.95791,0.798149,2.83898,0.430562080582628,1.85433169818416
732,7.67227,9.95209,1.91807,0.836036,2.7812,0.471227443450874,1.69902323589589
733,22.5755,16.241,5.64386,0.784309,8.1836,1.69685547137974,1.37332782359774
734,22.7999,9.63314,5.69998,0.747372,8.26498,1.99514608973998,1.55817686911614
735,6.69323,14.7468,1.67331,0.6067,2.42629,0.480529466521749,1.5402486688619
736,9.17836,7.45042,2.29459,1.03798,3.32716,0.474230523749374,1.59520248536819
737,6.74812,55.4841,1.68703,1.24684,2.44619,0.154471817783392,1.50342183482783
738,17.4981,36.4112,4.37453,1.16269,6.34307,0.935663787125865,1.50639158612063
739,8.71238,11.6656,2.1781,0.868599,3.15824,0.460034674105566,1.58332802294245
740,9.89061,10.1156,2.47265,0.625893,3.58535,0.995062176412484,1.75575073739843
741,13.6077,9.68675,3.40192,0.584582,4.93278,1.49881807508746,1.82350254021415
742,6.22301,17.4376,1.55575,0.777338,2.25584,0.357053386857493,2.18737359183904
743,7.16451,7.85833,1.79113,0.580638,2.59714,0.584517490589792,1.79296408339195
744,12.7449,8.60175,3.18623,0.600923,4.62004,1.39278802127013,1.79952363027842
745,11.0742,19.0278,2.76856,1.3676,4.01441,0.537821717866009,1.66954088126312
746,23.6901,16.7683,5.92253,0.687526,8.58767,2.36828285251183,1.45907894144727
747,11.0955,10.7161,2.77387,0.611901,4.02211,0.945733584420781,1.39580597006252
748,6.58686,20.743,1.64671,0.779668,2.38774,0.391947835866984,2.06845742516192
749,22.8971,14.0268,5.72427,5.56289,8.30019,0.291004482834499,1.52345263184974
750,9.61688,30.2465,2.40422,2.27942,3.48612,0.181742313821177,1.58283593423257
751,12.2692,73.3696,3.06731,0.593994,4.44759,1.30217437391564,1.55092399332263
752,7.61361,7.51571,1.9034,1.05002,2.75993,0.377429496679183,1.7839489481786
753,243.552,7.95618,60.888,0.588399,88.2875,31.5888313650328,1.33282086254404
754,6.85422,10.6555,1.71355,1.5766,2.48465,0.142659734896396,1.83869213904546
755,9.23129,10.7591,2.30782,0.636765,3.34634,0.864968141048334,1.65975693254172
756,8.16301,19.8111,2.04075,0.809659,2.95909,0.590855937094499,1.43780608526877
757,10.8811,28.2018,2.72028,0.674786,3.9444,0.844829396823269,1.43812915282582
758,11.3786,11.4653,2.84465,0.7789,4.12474,0.795073974955389,1.56460533260224
759,7.99261,23.9646,1.99815,0.693709,2.89732,0.635383225865545,1.5843803685149
760,24.5221,7.88153,6.13053,1.26052,8.88926,1.24884907624504,1.50974612395477
761,10.8472,10.8574,2.71179,6.28502,3.93209,0.0453672405296062,1.5253103971038
762,16.3456,11.1831,4.08641,0.600602,5.92529,1.60281058817088,1.41588262054218
763,28.6244,8.13396,7.1561,2.16904,10.3763,0.69970055975874,1.34574227929553
764,55.6782,29.2353,13.9196,1.1353,20.1834,3.37871955180188,1.35536777705063
765,16.3045,7.36327,4.07613,0.641583,5.91039,1.79835187017429,1.47362367794532
766,6.51846,13.3273,1.62962,0.92671,2.36294,0.295636382793767,1.87839927799017
767,11.064,24.7671,2.766,0.578729,4.01071,1.20025235204044,1.68646049369298
768,32.7272,111.804,8.1818,0.648192,11.8636,3.38253276278923,1.45939114625947
769,10.5709,10.2128,2.64272,0.766068,3.83194,0.914935056782436,1.56747685492924
770,11.4597,14.5229,2.86492,1,4.15413,0.600707334633229,1.72049243514877
771,12.0464,7.52635,3.01161,6.28871,4.36683,0.0731302499366036,1.40969006217871
772,8.72307,103.333,2.18077,0.935162,3.16211,0.454915712102487,1.71716536820956
773,22.2948,7.60435,5.5737,1.43303,8.08187,1.01272727713397,1.47566357898597
774,11.342,17.8423,2.83551,1.01393,4.11148,0.588087089477452,1.44982721700931
775,6.65755,11.0105,1.66439,1.03798,2.41336,0.268167014828261,1.64576449578646
776,10.5462,14.1726,2.63655,0.696077,3.82299,0.765166291855561,1.64835650814331
777,52.8835,54.6533,13.2209,1.4627,19.1703,2.70256651855397,1.37716244491979
778,12.2791,23.4018,3.06978,4.08348,4.45118,0.12954949042638,1.39155026711197
779,26.4783,7.74461,6.61958,1.14774,9.59839,1.53037226771205,1.42661010290112
780,6.92294,7.01059,1.73073,0.810121,2.50956,0.424134243695902,2.01517038913231
781,22.5803,114.785,5.64507,1.80564,8.18535,0.739023281835686,1.51950973529061
782,9.03584,12.0618,2.25896,0.608075,3.27549,0.988159607188576,1.95715352991386
783,6.87384,13.0106,1.71846,1.04223,2.49177,0.259779629003283,1.72258628313329
784,7.90558,17.5165,1.9764,1.21028,2.86577,0.248861933863962,1.97206969567479
785,8.44393,7.85336,2.11098,0.603985,3.06092,0.701102769548525,1.56992986376861
786,6.21717,9.41817,1.55429,0.967912,2.25373,0.317521102203927,1.97330021309573
787,10.7019,10.9021,2.67548,0.645491,3.87945,1.01716122463957,1.50786908078069
788,205.388,7.6316,51.347,1.34044,74.4532,11.0538421766054,1.30734538923783
789,7.9718,17.3131,1.99295,0.583043,2.88978,0.714626969635154,1.77853417496939
790,7.33275,11.8165,1.83319,0.838502,2.65812,0.354370058072488,1.83916693581225
791,19.2466,7.50007,4.81165,1.20883,6.97689,1.00288810596887,1.46283450905182
792,8.26528,14.8778,2.06632,0.812628,2.99616,0.642374989757556,1.62278124016958
793,6.59191,23.196,1.64798,1.47571,2.38957,0.186886248204129,1.92870607595892
794,12.9591,8.64195,3.23977,1.16268,4.69767,0.71263748446015,1.61447368526686
795,7.57372,8.15242,1.89343,1.36442,2.74547,0.190751016396629,1.76939267719201
796,7.54565,11.1151,1.88641,3.06109,2.7353,0.0792271217658514,1.29534494659515
797,12.7307,127.587,3.18267,0.702727,4.61487,1.03740718465699,1.49343119638475
798,6.17791,46.57,1.54448,0.600717,2.23949,0.566752913001053,1.88468401363697
799,6.70305,8.53619,1.67576,0.829299,2.42986,0.380061798507225,1.95489290421949
800,8.20273,10.9756,2.05068,0.937131,2.97349,0.358195228698254,1.77282652019175
801,8.35412,7.6774,2.08853,0.636802,3.02837,0.703588508338199,1.8722264245587
802,8.62015,18.9491,2.15504,0.636892,3.12481,0.756378145593875,1.82626249949242
803,17.2648,7.01618,4.31619,1.42489,6.25847,0.744386239262612,1.40721310855818
804,6.22919,6.91781,1.5573,0.66329,2.25808,0.477882481583777,1.83476077035275
805,24.7221,17.265,6.18053,1.4958,8.96177,1.03093858301686,1.3433653769933
806,10.4344,7.21993,2.60861,0.720664,3.78249,0.876604087227349,1.78108326958095
807,10.3372,9.09317,2.58431,0.757817,3.74725,0.722789198250146,1.57442665568739
808,10.2952,13.4918,2.5738,1.01935,3.73201,0.486835708575715,1.50707683150599
809,151.519,13.7177,37.8798,1.24514,54.9257,8.73872613907456,1.3829615716552
810,9.00738,7.5846,2.25185,0.765066,3.26518,0.777275516469611,1.87104559150699
811,32.5567,11.3946,8.13916,3.70433,11.8018,0.538504140651093,1.3171108723943
812,6.66223,6.81996,1.66556,8.7022,2.41506,0.0148394653030893,1.28305101011561
813,8.72913,20.5803,2.18228,0.677912,3.16431,0.716064434292945,1.56804506764132
814,86.849,12.6823,21.7123,0.627021,31.4828,9.86987635868542,1.33914501604072
815,6.73306,12.3812,1.68327,2.2923,2.44073,0.115075075268441,1.63417710453266
816,13.7007,6.85589,3.42518,1.30879,4.96651,0.633216807380097,1.45835424877921
817,24.2816,21.5255,6.0704,3.26758,8.80208,0.488856695647097,1.54182637713093
818,12.0332,10.6838,3.0083,0.885532,4.36204,0.735384023566102,1.57879121221513
819,6.41278,15.6703,1.60319,1.25118,2.32463,0.173207355481901,1.44033496751109
820,37.143,27.6608,9.28576,0.611179,13.4644,4.38203439571635,1.5243158096334
821,7.42403,17.2011,1.85601,1.04548,2.69121,0.335611950505046,1.70510593003176
822,6.52419,6.94439,1.63105,0.605365,2.36502,0.538689944862253,1.96433923228061
823,8.23557,8.15756,2.05889,3.00734,2.9854,0.0952513824308745,1.68653533691113
824,9.15719,10.8781,2.2893,0.665225,3.31948,0.782828809468499,1.51074888448595
825,14.5436,6.87657,3.63591,0.662358,5.27207,1.51438956881524,1.49541589810375
826,12.4593,7.32644,3.11482,0.611847,4.51649,1.36880392217968,1.69476492460209
827,9.9289,9.42855,2.48222,0.912086,3.59923,0.562308997797457,1.50456818565432
828,36.3246,6.85038,9.08114,0.586977,13.1677,4.45892658306854,1.40227369500384
829,9.95854,10.8646,2.48964,2.97845,3.60997,0.147230880613356,1.34737086375308
830,7.16423,8.10861,1.79106,0.611631,2.59703,0.552241866775722,2.00733622845984
831,6.67536,8.30215,1.66884,0.585884,2.41982,0.551335765423894,1.90334342779128
832,6.05593,10.6281,1.51398,1.81817,2.19527,0.139621959341114,1.76957530312525
833,10.5954,7.56907,2.64886,0.957068,3.84085,0.660647191140121,1.43087367226095
834,6.42038,6.94481,1.60509,0.650013,2.32739,0.493032659345212,1.73838379872532
835,24.1091,12.2483,6.02728,2.85653,8.73955,0.527377616295104,1.44464742519491
836,9.45618,11.5051,2.36404,1.22755,3.42787,0.371576678139719,1.59454302457151
837,9.70973,8.35323,2.42743,0.616682,3.51978,0.847296272696446,1.62346259816776
838,9.66586,10.2567,2.41647,0.662545,3.50388,0.724973545544374,1.39493506766885
839,8.48529,6.84666,2.12132,1.80732,3.07592,0.225625523574259,1.51719765784374
840,8.18047,8.24171,2.04512,1.03313,2.96542,0.344123828461866,1.34745833763828
841,83.4919,15.6884,20.873,0.576462,30.2658,10.5891321458771,1.36380297949546
842,8.10881,25.2257,2.0272,0.645675,2.93944,0.589148351474204,1.65920700876342
843,8.12929,7.09833,2.03232,1.23187,2.94687,0.281910132072429,1.45822598901039
844,5.95887,16.1641,1.48972,0.970785,2.16009,0.209785903919242,1.48935876663086
845,5.9807,8.26564,1.49518,0.581832,2.16801,0.452383927689823,1.70858064755815
846,6.29047,7.25794,1.57262,0.954953,2.2803,0.277383556320463,1.93877837581271
847,6.43388,12.4851,1.60847,0.973869,2.33228,0.41537326138904,1.7714611987917
848,8.66064,10.4682,2.16516,2.20833,3.13948,0.211892705777701,1.39774096127357
849,14.4928,9.66706,3.6232,1.5355,5.25364,0.599009635030239,1.53442481700771
850,9.08478,9.6851,2.27119,11.0848,3.29323,0.0376861306938302,1.16945965760224
851,6.64834,81.9297,1.66208,1.07681,2.41002,0.416622989704404,1.85985011422778
852,10.9305,8.30267,2.73263,1.67717,3.96231,0.342603895406057,1.51627280443388
853,6.91017,14.1903,1.72754,0.64934,2.50494,0.708751778431522,2.01601994420093
854,7.41766,7.73752,1.85441,0.721625,2.6889,0.508082048418543,1.47047543656549
855,21.6788,41.8655,5.41969,0.613018,7.85855,2.5315131418839,1.47328191536108
856,8.84981,12.5487,2.21245,0.777815,3.20806,0.618856040009922,1.71722770007055
857,37.3392,54.7905,9.33479,0.805804,13.5354,3.20982004346892,1.3815056102113
858,7.06388,9.25116,1.76597,0.68325,2.56066,0.689888255547025,1.60083180012601
859,5.9641,8.77091,1.49102,0.653925,2.16198,0.313539284351238,1.58437131059068
860,13.3159,8.4155,3.32897,9.25165,4.827,0.0601315892069442,1.30719697283394
861,8.59766,8.52527,2.14941,0.574197,3.11665,0.709040284650387,1.34236473632986
862,7.53453,10.0468,1.88363,1.00175,2.73127,0.387576208945372,1.95014983514754
863,6.6709,7.7917,1.66772,1.3346,2.4182,0.218980626497604,1.50669174401765
864,10.7092,7.38018,2.67729,1.36314,3.88207,0.403736003283765,1.6775639229367
865,9.83379,7.62275,2.45845,0.720325,3.56475,0.874694970677501,1.89827214329656
866,8.80701,30.1962,2.20175,0.599024,3.19254,0.799070923229443,1.79693670889099
867,10.8448,7.39895,2.71121,1.53524,3.93126,0.339824786921518,1.61485619625196
868,6.8714,8.65454,1.71785,1.25438,2.49088,0.23970874573184,2.14357615196642
869,14.9575,11.4781,3.73937,0.611149,5.42209,1.54269333595047,1.59805600331432
870,12.7574,12.3237,3.18934,1.06758,4.62455,0.700191511021112,1.58259115213154
871,35.6361,19.775,8.90902,0.811907,12.9181,3.00814427083814,1.44426461938468
872,15.1471,12.3145,3.78678,0.63757,5.49083,1.55124758838362,1.56046496393136
873,8.54855,16.5512,2.13714,0.704607,3.09885,0.63735514207749,1.45214702663145
874,7.17962,9.71718,1.7949,2.50964,2.60261,0.144879770756186,1.51804496580414
875,26.5276,7.27252,6.6319,1.49113,9.61625,1.15065496476197,1.34075974726804
876,8.90986,12.8357,2.22747,2.04729,3.22983,0.190665697570961,1.36827138521719
877,36.1942,7.16276,9.04855,2.15113,13.1204,1.13844205509074,1.39900196110382
878,8.47012,9.09148,2.11753,2.40648,3.07042,0.189530979064594,1.42641183872327
879,48.6071,34.8261,12.1518,0.682549,17.6201,5.18887117823344,1.42192481648493
880,19.1325,22.073,4.78313,0.987748,6.93553,1.24444192474972,1.33879872020322
881,5.98933,9.45987,1.49733,0.682217,2.17113,0.433059680880089,1.87763405648853
882,7.93979,15.9072,1.98495,0.70676,2.87817,0.689410453350699,1.92100993557614
883,20.115,9.5983,5.02876,0.906599,7.2917,1.27578895057211,1.49231112155031
884,7.29011,76.3235,1.82253,2.21513,2.64266,0.139908761973662,1.84085338022818
885,6.16352,8.69881,1.54088,0.672063,2.23427,0.421805720594864,1.74460654479044
886,11.4587,12.337,2.86467,0.935821,4.15377,0.6721201647887,1.5478227805302
887,8.01399,23.4288,2.0035,1.07749,2.90507,0.349143087111835,1.6633078170114
888,8.76735,18.9469,2.19184,0.78107,3.17817,0.573888165587798,1.5906125850939
889,9.49664,157.676,2.37416,1.81215,3.44253,0.227655378145251,1.53630713393746
890,6.63218,9.56757,1.65804,0.66356,2.40416,0.592919855403505,1.79467634714091
891,30.1764,6.81534,7.5441,0.62291,10.9389,3.79890453133941,1.46891522811264
892,30.8486,7.62744,7.71216,0.692489,11.1826,3.51544843545653,1.44348145196366
893,10.8233,11.0649,2.70581,0.684133,3.92343,0.836901287261346,1.60344260181492
894,9.14441,14.1975,2.2861,0.992939,3.31485,0.420835334279719,1.71884402798709
895,6.92948,11.6428,1.73237,0.763105,2.51194,0.422634024147428,1.74795497623223
896,7.51115,9.1886,1.87779,1.20963,2.72279,0.218860778946858,1.86456361257093
897,7.54865,81.7984,1.88716,0.721867,2.73638,0.47839165048904,1.55043489114987
898,14.3511,10.9234,3.58779,0.656136,5.20229,1.31105111563326,1.47110395682419
899,12.6728,8.42942,3.16821,1.065,4.5939,0.625477273461929,1.50931591977416
900,9.75413,7.12997,2.43853,0.57994,3.53587,0.83788707729079,1.79247667708934
901,7.41779,26.8217,1.85445,0.896009,2.68895,0.392508752572232,1.71291680300804
902,13.2888,11.7276,3.3222,0.741268,4.81719,1.22007999318602,1.70657035561688
903,10.0203,34.7991,2.50507,0.67499,3.63235,0.863787849246376,1.72294722125022
904,11.6915,7.56153,2.92287,0.648358,4.23816,1.11991380965796,1.66832894759191
905,6.88492,13.6568,1.72123,0.789362,2.49578,0.366945692159104,1.58353561895533
906,7.57726,13.7006,1.89432,0.681984,2.74676,0.637503558691063,1.50733496809425
907,13.23,15.5005,3.3075,0.623334,4.79588,1.19191112180186,1.45603409299619
908,7.51121,9.07781,1.8778,2.55383,2.72281,0.101817125227125,1.38894577595787
909,7.54037,38.1991,1.88509,1.04006,2.73338,0.404302222984801,1.69568803746178
910,24.6663,9.73211,6.16657,0.58354,8.94153,3.08885525099119,1.46007827974688
911,6.70046,8.21172,1.67512,1.07649,2.42892,0.238471349256116,1.49291727043309
912,10.8553,36.5613,2.71382,5.05279,3.93504,0.0841148742019819,1.32503137686561
913,9.86044,23.0101,2.46511,1.93216,3.57441,0.218726557736507,1.48477112822664
914,16.2786,169.556,4.06965,1.59768,5.901,0.586067934865266,1.46715664205284
915,6.54147,9.92219,1.63537,0.575616,2.37128,0.53413623474716,2.01682091012925
916,7.09291,10.2835,1.77323,0.733275,2.57118,0.405820700496454,1.76030425669353
917,11.5338,8.35463,2.88344,0.766039,4.18099,0.823737502165849,1.49356538796121
918,13.0987,11.1387,3.27467,0.92439,4.74828,0.810794934866984,1.44666945642768
919,50.5258,13.891,12.6314,1.85583,18.3156,1.84889726678295,1.34102453189895
920,7.35262,9.43823,1.83816,0.577691,2.66533,0.587650206484176,1.51848304363244
921,37.3965,8.02252,9.34912,0.840162,13.5562,2.99402066448093,1.43288997605474
922,155.853,11.873,38.9633,25.3735,56.4968,0.498696920698696,1.45471780338197
923,190.594,12.8983,47.6486,1.19983,69.0905,12.1163875707973,1.36811037153077
924,8.99271,10.0431,2.24818,0.60018,3.25986,0.964355188508396,1.64293134904918
925,7.24883,137.025,1.81221,0.681014,2.6277,0.431603346833987,1.80033759987342
926,11.7939,6.88835,2.94849,0.702359,4.2753,0.976155671697276,1.85033146447191
927,8.25877,8.64165,2.06469,0.993708,2.9938,0.399406349082285,1.35638379360786
928,10.1109,20.0921,2.52773,5.43687,3.66521,0.0844382303141267,1.5481709218609
929,9.93829,18.2268,2.48457,0.670172,3.60263,0.740233353834065,1.51559527473531
930,7.26825,7.40209,1.81706,0.617922,2.63474,0.596110691366459,1.98770836927622
931,17.6891,11.5984,4.42228,0.805474,6.4123,1.48073409397307,1.38417269639744
932,91.1542,15.4873,22.7886,2.76295,33.0434,2.16748597614984,1.38272457661884
933,39.5578,8.1152,9.88946,0.899253,14.3397,3.04686946905836,1.38033374034521
934,10.7113,9.79782,2.67784,1.21873,3.88286,0.52724840224756,1.7432990522075
935,9.85584,9.71741,2.46396,0.573093,3.57274,1.1243196800668,1.59242149744375
936,10.8948,154.708,2.72371,0.613278,3.94938,0.94885163301881,1.47231347007613
937,24.267,32.2681,6.06674,5.82755,8.79677,0.246585127352359,1.23467087325919
938,9.2403,47.5602,2.31007,0.577593,3.34961,1.07083909020776,1.50871121101636
939,133.976,7.29101,33.4939,0.816416,48.5662,11.9689377775454,1.32265118956526
940,8.69636,12.9902,2.17409,0.66447,3.15243,0.812153748321245,1.83187327645146
941,8.74796,10.3376,2.18699,0.639249,3.17113,0.720625783779797,1.6467923690529
942,24.678,9.37596,6.16949,0.603848,8.94576,2.64295142563828,1.43113853285701
943,7.98274,9.68837,1.99569,1.49789,2.89374,0.222160712072077,1.84882376460964
944,8.10728,7.54714,2.02682,8.83391,2.93889,0.0361696071686576,1.33142219896961
945,10.8501,7.38406,2.71253,0.682775,3.93317,1.22350023231869,1.75441030152225
946,6.30562,7.81573,1.5764,0.66456,2.28579,0.587575829743908,1.82647720340107
947,7.92883,15.2229,1.98221,3.59905,2.8742,0.102955869712547,1.60889349186949
948,12.5125,8.8033,3.12813,0.932221,4.53579,0.65236570241225,1.53174367681212
949,8.15427,15.7755,2.03857,0.604918,2.95592,0.675474153151474,1.90444795061692
950,12.8714,11.3515,3.21785,1.53501,4.66589,0.413861807200875,1.47504546829413
951,6.41664,8.96894,1.60416,0.77132,2.32603,0.366149693524073,2.07411410585307
952,7.03975,43.5546,1.75994,1.47783,2.55191,0.153690754150373,1.61334629096405
953,9.82473,21.4825,2.45618,1.58488,3.56146,0.25246741375479,1.65215416777412
954,17.8484,18.1312,4.46211,3.2285,6.47006,0.357551451337551,1.48581783532924
955,10.3466,40.2811,2.58665,0.737162,3.75065,0.730596992165044,1.53941629224343
956,6.56683,8.86787,1.64171,1.22281,2.38048,0.258328552255097,1.60125322925402
957,7.82055,17.7982,1.95514,1.29052,2.83495,0.274942681433385,1.82879371127244
958,18.1568,7.67909,4.53921,0.729645,6.58185,1.62334434340237,1.65237149676615
959,7.07361,59.6628,1.7684,1.08197,2.56418,0.346941030909859,1.98986294036908
960,6.71462,9.65779,1.67865,0.700774,2.43405,0.425737755216859,1.67085038741758
961,63.8152,10.6416,15.9538,0.696105,23.133,6.47269191809188,1.39854909670303
962,22.9419,8.93264,5.73547,7.91064,8.31644,0.265874896843101,1.44098857973582
963,52.3888,9.79917,13.0972,0.876936,18.991,4.1298069414034,1.40838867893248
964,34.3135,17.0353,8.57839,1.15189,12.4387,2.27992188058934,1.51632323248636
965,7.06367,14.0153,1.76592,1.52003,2.56058,0.221231796890875,2.08755650827718
966,36.5015,7.49648,9.12537,0.749585,13.2318,3.48843921229589,1.3967518969922
967,6.77912,20.9845,1.69478,1.08313,2.45743,0.310674910487923,2.23210884578635
968,12.8725,9.70726,3.21812,0.585188,4.66627,1.21671585733151,1.38787991931016
969,29.3726,6.95755,7.34315,0.666544,10.6476,2.95604561811475,1.43753682674683
970,6.09198,7.5683,1.52299,8.1121,2.20834,0.0167745782301295,1.04864090287829
971,9.34619,7.25844,2.33655,0.583408,3.38799,1.19177722526067,2.07381672358912
972,14.2001,14.8866,3.55003,0.668758,5.14754,1.42107204702774,1.62701063351218
973,8.03135,16.3423,2.00784,1.58512,2.91137,0.307083868045663,1.79535753050228
974,9.93739,8.41764,2.48435,1.82196,3.6023,0.229435498211599,1.5292066798374
975,12.683,10.811,3.17075,2.21847,4.59758,0.285430415743185,1.34098512834272
976,9.85927,6.93025,2.46482,1.93975,3.57398,0.199745795767979,1.44442250767687
977,14.8507,7.83378,3.71269,0.988494,5.38339,0.840127402266966,1.62781050754165
978,7.27311,7.15374,1.81828,1.72898,2.6365,0.116450713345866,1.38405588189144
979,9.03486,15.6153,2.25871,0.87822,3.27514,0.53323360028878,1.46989110122555
980,18.9843,10.4885,4.74608,1.02327,6.88181,1.13191858486113,1.38247510941056
981,17.4763,6.87489,4.36907,0.726418,6.33515,1.42924091276625,1.40489331073027
982,8.34856,8.39506,2.08714,1.14714,3.02635,0.395371980229654,1.62408149291955
983,30.4019,9.45622,7.60047,1.25619,11.0207,1.64090701697955,1.54822862183194
984,6.03521,10.5679,1.5088,5.66348,2.18776,0.0199724331340143,1.96490071610928
985,6.63102,7.77729,1.65775,1.20763,2.40374,0.315207683440117,2.42933174079406
986,575.953,8.56501,143.988,0.923634,208.783,51.1946745332945,1.32278456899256
987,11.3059,16.3079,2.82648,0.706178,4.0984,1.08918237717959,1.81727214392108
988,7.46857,42.7686,1.86714,2.09934,2.70736,0.113266625435675,1.46428470961273
989,8.39883,18.9938,2.09971,0.782378,3.04458,0.557364578413477,1.70019489507742
990,6.26893,8.7594,1.56723,1.82673,2.27249,0.158612984344794,1.87948283175056
991,25.4056,104.749,6.3514,1.39796,9.20953,1.13635937827095,1.34910629103258
992,6.27387,8.1744,1.56847,0.979382,2.27428,0.269508521649166,1.67492530797839
993,7.25107,7.16216,1.81277,1.69884,2.62851,0.18730276861745,1.66617472033486
994,8.42457,38.9913,2.10614,1.20146,3.05391,0.317644173401846,1.51447624353927
995,9.9914,8.46042,2.49785,2.71276,3.62188,0.171747328576668,1.58821757303862
996,13.0541,42.6191,3.26353,1.15808,4.73212,0.749404998057766,1.58140710904822
997,7.33943,18.426,1.83486,1.22127,2.66055,0.243427930055084,1.60985965111433
998,19.5036,7.64581,4.8759,0.688455,7.07006,1.92541435263019,1.37746193269377
999,15.4842,8.83204,3.87105,0.631452,5.61303,1.71102131780206,1.56576533895908
